Event Index,UTC Timestamp,UTC Date,Local Timestamp,Local Timezone,Local Date,Experiment ID,Experiment Version,Tree Node Key,Repeat Key,Schedule ID,Participant Public ID,Participant Private ID,Participant Starting Group,Participant Status,Participant Completion Code,Participant External Session ID,Participant Device Type,Participant Device,Participant OS,Participant Browser,Participant Monitor Size,Participant Viewport Size,Checkpoint,Task Name,Task Version,Randomise questionnaire elements?,Question Key,Response
1,1636042558243,04/11/2021 16:15:58,1636042557848,-4,04/11/2021 12:15:57,68194,4,questionnaire-xtqr,,16891047,5f8130caccd27c1f1a6bd4be,4998952,,complete,,61840727f1d87ddb2f8e3d55,computer,Desktop or Laptop,Windows 10,Chrome 95.0.4638.69,1920x1080,1920x969,,Prolific Adult Demographics Questionnaire,3,No,BEGIN QUESTIONNAIRE,
2,1636042587279,04/11/2021 16:16:27,1636042586931,-4,04/11/2021 12:16:26,68194,4,questionnaire-xtqr,,16891047,5f8130caccd27c1f1a6bd4be,4998952,,complete,,61840727f1d87ddb2f8e3d55,computer,Desktop or Laptop,Windows 10,Chrome 95.0.4638.69,1920x1080,1920x969,,Prolific Adult Demographics Questionnaire,3,No,age-month,4
3,1636042587530,04/11/2021 16:16:27,1636042586932,-4,04/11/2021 12:16:26,68194,4,questionnaire-xtqr,,16891047,5f8130caccd27c1f1a6bd4be,4998952,,complete,,61840727f1d87ddb2f8e3d55,computer,Desktop or Laptop,Windows 10,Chrome 95.0.4638.69,1920x1080,1920x969,,Prolific Adult Demographics Questionnaire,3,No,age-year,19
4,1636042587530,04/11/2021 16:16:27,1636042586932,-4,04/11/2021 12:16:26,68194,4,questionnaire-xtqr,,16891047,5f8130caccd27c1f1a6bd4be,4998952,,complete,,61840727f1d87ddb2f8e3d55,computer,Desktop or Laptop,Windows 10,Chrome 95.0.4638.69,1920x1080,1920x969,,Prolific Adult Demographics Questionnaire,3,No,gender,Male
5,1636042587530,04/11/2021 16:16:27,1636042586932,-4,04/11/2021 12:16:26,68194,4,questionnaire-xtqr,,16891047,5f8130caccd27c1f1a6bd4be,4998952,,complete,,61840727f1d87ddb2f8e3d55,computer,Desktop or Laptop,Windows 10,Chrome 95.0.4638.69,1920x1080,1920x969,,Prolific Adult Demographics Questionnaire,3,No,ethnicity,Not Hispanic or Latino
6,1636042587530,04/11/2021 16:16:27,1636042586932,-4,04/11/2021 12:16:26,68194,4,questionnaire-xtqr,,16891047,5f8130caccd27c1f1a6bd4be,4998952,,complete,,61840727f1d87ddb2f8e3d55,computer,Desktop or Laptop,Windows 10,Chrome 95.0.4638.69,1920x1080,1920x969,,Prolific Adult Demographics Questionnaire,3,No,ethnicity-quantised,2
7,1636042587530,04/11/2021 16:16:27,1636042586933,-4,04/11/2021 12:16:26,68194,4,questionnaire-xtqr,,16891047,5f8130caccd27c1f1a6bd4be,4998952,,complete,,61840727f1d87ddb2f8e3d55,computer,Desktop or Laptop,Windows 10,Chrome 95.0.4638.69,1920x1080,1920x969,,Prolific Adult Demographics Questionnaire,3,No,race-2,Asian
8,1636042587530,04/11/2021 16:16:27,1636042586933,-4,04/11/2021 12:16:26,68194,4,questionnaire-xtqr,,16891047,5f8130caccd27c1f1a6bd4be,4998952,,complete,,61840727f1d87ddb2f8e3d55,computer,Desktop or Laptop,Windows 10,Chrome 95.0.4638.69,1920x1080,1920x969,,Prolific Adult Demographics Questionnaire,3,No,race-5,White
9,1636042587530,04/11/2021 16:16:27,1636042586933,-4,04/11/2021 12:16:26,68194,4,questionnaire-xtqr,,16891047,5f8130caccd27c1f1a6bd4be,4998952,,complete,,61840727f1d87ddb2f8e3d55,computer,Desktop or Laptop,Windows 10,Chrome 95.0.4638.69,1920x1080,1920x969,,Prolific Adult Demographics Questionnaire,3,No,Education Years,14
10,1636042587530,04/11/2021 16:16:27,1636042586933,-4,04/11/2021 12:16:26,68194,4,questionnaire-xtqr,,16891047,5f8130caccd27c1f1a6bd4be,4998952,,complete,,61840727f1d87ddb2f8e3d55,computer,Desktop or Laptop,Windows 10,Chrome 95.0.4638.69,1920x1080,1920x969,,Prolific Adult Demographics Questionnaire,3,No,END QUESTIONNAIRE,29085
1,1636044264773,04/11/2021 16:44:24,1636044264961,-5,04/11/2021 11:44:24,68194,4,questionnaire-xtqr,,16891704,604a10844bde8be09a850300,4999123,,complete,,61840da7904d5f66717080b3,computer,Desktop or Laptop,Windows 10,Chrome 95.0.4638.69,2560x1440,2560x1329,,Prolific Adult Demographics Questionnaire,3,No,BEGIN QUESTIONNAIRE,
2,1636044295123,04/11/2021 16:44:55,1636044295385,-5,04/11/2021 11:44:55,68194,4,questionnaire-xtqr,,16891704,604a10844bde8be09a850300,4999123,,complete,,61840da7904d5f66717080b3,computer,Desktop or Laptop,Windows 10,Chrome 95.0.4638.69,2560x1440,2560x1329,,Prolific Adult Demographics Questionnaire,3,No,age-month,3
3,1636044295296,04/11/2021 16:44:55,1636044295387,-5,04/11/2021 11:44:55,68194,4,questionnaire-xtqr,,16891704,604a10844bde8be09a850300,4999123,,complete,,61840da7904d5f66717080b3,computer,Desktop or Laptop,Windows 10,Chrome 95.0.4638.69,2560x1440,2560x1329,,Prolific Adult Demographics Questionnaire,3,No,age-year,25
4,1636044295296,04/11/2021 16:44:55,1636044295387,-5,04/11/2021 11:44:55,68194,4,questionnaire-xtqr,,16891704,604a10844bde8be09a850300,4999123,,complete,,61840da7904d5f66717080b3,computer,Desktop or Laptop,Windows 10,Chrome 95.0.4638.69,2560x1440,2560x1329,,Prolific Adult Demographics Questionnaire,3,No,gender,Male
5,1636044295296,04/11/2021 16:44:55,1636044295387,-5,04/11/2021 11:44:55,68194,4,questionnaire-xtqr,,16891704,604a10844bde8be09a850300,4999123,,complete,,61840da7904d5f66717080b3,computer,Desktop or Laptop,Windows 10,Chrome 95.0.4638.69,2560x1440,2560x1329,,Prolific Adult Demographics Questionnaire,3,No,ethnicity,Not Hispanic or Latino
6,1636044295296,04/11/2021 16:44:55,1636044295388,-5,04/11/2021 11:44:55,68194,4,questionnaire-xtqr,,16891704,604a10844bde8be09a850300,4999123,,complete,,61840da7904d5f66717080b3,computer,Desktop or Laptop,Windows 10,Chrome 95.0.4638.69,2560x1440,2560x1329,,Prolific Adult Demographics Questionnaire,3,No,ethnicity-quantised,2
7,1636044295296,04/11/2021 16:44:55,1636044295388,-5,04/11/2021 11:44:55,68194,4,questionnaire-xtqr,,16891704,604a10844bde8be09a850300,4999123,,complete,,61840da7904d5f66717080b3,computer,Desktop or Laptop,Windows 10,Chrome 95.0.4638.69,2560x1440,2560x1329,,Prolific Adult Demographics Questionnaire,3,No,race-5,White
8,1636044295296,04/11/2021 16:44:55,1636044295388,-5,04/11/2021 11:44:55,68194,4,questionnaire-xtqr,,16891704,604a10844bde8be09a850300,4999123,,complete,,61840da7904d5f66717080b3,computer,Desktop or Laptop,Windows 10,Chrome 95.0.4638.69,2560x1440,2560x1329,,Prolific Adult Demographics Questionnaire,3,No,Education Years,10
9,1636044295296,04/11/2021 16:44:55,1636044295388,-5,04/11/2021 11:44:55,68194,4,questionnaire-xtqr,,16891704,604a10844bde8be09a850300,4999123,,complete,,61840da7904d5f66717080b3,computer,Desktop or Laptop,Windows 10,Chrome 95.0.4638.69,2560x1440,2560x1329,,Prolific Adult Demographics Questionnaire,3,No,END QUESTIONNAIRE,30427
1,1636045105290,04/11/2021 16:58:25,1636045104804,-4,04/11/2021 12:58:24,68194,4,questionnaire-xtqr,,16892071,61326b9c9231e5c9889e030d,4999238,,complete,,618411101d40da914d04eb27,computer,Desktop or Laptop,Chromium OS 14092.77.0,Chrome 93.0.4577.107,1366x768,1366x649,,Prolific Adult Demographics Questionnaire,3,No,BEGIN QUESTIONNAIRE,
2,1636045172674,04/11/2021 16:59:32,1636045171415,-4,04/11/2021 12:59:31,68194,4,questionnaire-xtqr,,16892071,61326b9c9231e5c9889e030d,4999238,,complete,,618411101d40da914d04eb27,computer,Desktop or Laptop,Chromium OS 14092.77.0,Chrome 93.0.4577.107,1366x768,1366x649,,Prolific Adult Demographics Questionnaire,3,No,age-month,10
3,1636045173033,04/11/2021 16:59:33,1636045171416,-4,04/11/2021 12:59:31,68194,4,questionnaire-xtqr,,16892071,61326b9c9231e5c9889e030d,4999238,,complete,,618411101d40da914d04eb27,computer,Desktop or Laptop,Chromium OS 14092.77.0,Chrome 93.0.4577.107,1366x768,1366x649,,Prolific Adult Demographics Questionnaire,3,No,age-year,19
4,1636045173033,04/11/2021 16:59:33,1636045171418,-4,04/11/2021 12:59:31,68194,4,questionnaire-xtqr,,16892071,61326b9c9231e5c9889e030d,4999238,,complete,,618411101d40da914d04eb27,computer,Desktop or Laptop,Chromium OS 14092.77.0,Chrome 93.0.4577.107,1366x768,1366x649,,Prolific Adult Demographics Questionnaire,3,No,gender,female
5,1636045173033,04/11/2021 16:59:33,1636045171419,-4,04/11/2021 12:59:31,68194,4,questionnaire-xtqr,,16892071,61326b9c9231e5c9889e030d,4999238,,complete,,618411101d40da914d04eb27,computer,Desktop or Laptop,Chromium OS 14092.77.0,Chrome 93.0.4577.107,1366x768,1366x649,,Prolific Adult Demographics Questionnaire,3,No,ethnicity,Not Hispanic or Latino
6,1636045173033,04/11/2021 16:59:33,1636045171419,-4,04/11/2021 12:59:31,68194,4,questionnaire-xtqr,,16892071,61326b9c9231e5c9889e030d,4999238,,complete,,618411101d40da914d04eb27,computer,Desktop or Laptop,Chromium OS 14092.77.0,Chrome 93.0.4577.107,1366x768,1366x649,,Prolific Adult Demographics Questionnaire,3,No,ethnicity-quantised,2
7,1636045173033,04/11/2021 16:59:33,1636045171420,-4,04/11/2021 12:59:31,68194,4,questionnaire-xtqr,,16892071,61326b9c9231e5c9889e030d,4999238,,complete,,618411101d40da914d04eb27,computer,Desktop or Laptop,Chromium OS 14092.77.0,Chrome 93.0.4577.107,1366x768,1366x649,,Prolific Adult Demographics Questionnaire,3,No,race-4,Black or African American
8,1636045173033,04/11/2021 16:59:33,1636045171420,-4,04/11/2021 12:59:31,68194,4,questionnaire-xtqr,,16892071,61326b9c9231e5c9889e030d,4999238,,complete,,618411101d40da914d04eb27,computer,Desktop or Laptop,Chromium OS 14092.77.0,Chrome 93.0.4577.107,1366x768,1366x649,,Prolific Adult Demographics Questionnaire,3,No,Education Years,14
9,1636045173033,04/11/2021 16:59:33,1636045171421,-4,04/11/2021 12:59:31,68194,4,questionnaire-xtqr,,16892071,61326b9c9231e5c9889e030d,4999238,,complete,,618411101d40da914d04eb27,computer,Desktop or Laptop,Chromium OS 14092.77.0,Chrome 93.0.4577.107,1366x768,1366x649,,Prolific Adult Demographics Questionnaire,3,No,END QUESTIONNAIRE,66617
1,1636046182754,04/11/2021 17:16:22,1636046182594,-4,04/11/2021 13:16:22,68194,4,questionnaire-xtqr,,16892529,5d8108c0a6d2bf001afdb2d9,4999303,,complete,,618412f6b23c25d8cd384cd6,computer,Desktop or Laptop,Windows 10,Chrome 95.0.4638.69,2048x1152,2048x952,,Prolific Adult Demographics Questionnaire,3,No,BEGIN QUESTIONNAIRE,
2,1636046205643,04/11/2021 17:16:45,1636046205566,-4,04/11/2021 13:16:45,68194,4,questionnaire-xtqr,,16892529,5d8108c0a6d2bf001afdb2d9,4999303,,complete,,618412f6b23c25d8cd384cd6,computer,Desktop or Laptop,Windows 10,Chrome 95.0.4638.69,2048x1152,2048x952,,Prolific Adult Demographics Questionnaire,3,No,age-month,9
3,1636046205810,04/11/2021 17:16:45,1636046205567,-4,04/11/2021 13:16:45,68194,4,questionnaire-xtqr,,16892529,5d8108c0a6d2bf001afdb2d9,4999303,,complete,,618412f6b23c25d8cd384cd6,computer,Desktop or Laptop,Windows 10,Chrome 95.0.4638.69,2048x1152,2048x952,,Prolific Adult Demographics Questionnaire,3,No,age-year,36
4,1636046205810,04/11/2021 17:16:45,1636046205567,-4,04/11/2021 13:16:45,68194,4,questionnaire-xtqr,,16892529,5d8108c0a6d2bf001afdb2d9,4999303,,complete,,618412f6b23c25d8cd384cd6,computer,Desktop or Laptop,Windows 10,Chrome 95.0.4638.69,2048x1152,2048x952,,Prolific Adult Demographics Questionnaire,3,No,gender,Male
5,1636046205810,04/11/2021 17:16:45,1636046205567,-4,04/11/2021 13:16:45,68194,4,questionnaire-xtqr,,16892529,5d8108c0a6d2bf001afdb2d9,4999303,,complete,,618412f6b23c25d8cd384cd6,computer,Desktop or Laptop,Windows 10,Chrome 95.0.4638.69,2048x1152,2048x952,,Prolific Adult Demographics Questionnaire,3,No,ethnicity,Not Hispanic or Latino
6,1636046205810,04/11/2021 17:16:45,1636046205567,-4,04/11/2021 13:16:45,68194,4,questionnaire-xtqr,,16892529,5d8108c0a6d2bf001afdb2d9,4999303,,complete,,618412f6b23c25d8cd384cd6,computer,Desktop or Laptop,Windows 10,Chrome 95.0.4638.69,2048x1152,2048x952,,Prolific Adult Demographics Questionnaire,3,No,ethnicity-quantised,2
7,1636046205810,04/11/2021 17:16:45,1636046205567,-4,04/11/2021 13:16:45,68194,4,questionnaire-xtqr,,16892529,5d8108c0a6d2bf001afdb2d9,4999303,,complete,,618412f6b23c25d8cd384cd6,computer,Desktop or Laptop,Windows 10,Chrome 95.0.4638.69,2048x1152,2048x952,,Prolific Adult Demographics Questionnaire,3,No,race-5,White
8,1636046205810,04/11/2021 17:16:45,1636046205567,-4,04/11/2021 13:16:45,68194,4,questionnaire-xtqr,,16892529,5d8108c0a6d2bf001afdb2d9,4999303,,complete,,618412f6b23c25d8cd384cd6,computer,Desktop or Laptop,Windows 10,Chrome 95.0.4638.69,2048x1152,2048x952,,Prolific Adult Demographics Questionnaire,3,No,Education Years,14
9,1636046205810,04/11/2021 17:16:45,1636046205567,-4,04/11/2021 13:16:45,68194,4,questionnaire-xtqr,,16892529,5d8108c0a6d2bf001afdb2d9,4999303,,complete,,618412f6b23c25d8cd384cd6,computer,Desktop or Laptop,Windows 10,Chrome 95.0.4638.69,2048x1152,2048x952,,Prolific Adult Demographics Questionnaire,3,No,END QUESTIONNAIRE,22973
1,1636046280430,04/11/2021 17:18:00,1636046280024,-7,04/11/2021 10:18:00,68194,4,questionnaire-xtqr,,16892587,6160bb6c672b0539e28c2856,4999397,,complete,,618415a4eb398ec064ece926,computer,Desktop or Laptop,Mac OS 10.15.7,Chrome 95.0.4638.69,1280x800,1280x609,,Prolific Adult Demographics Questionnaire,3,No,BEGIN QUESTIONNAIRE,
2,1636046314600,04/11/2021 17:18:34,1636046314238,-7,04/11/2021 10:18:34,68194,4,questionnaire-xtqr,,16892587,6160bb6c672b0539e28c2856,4999397,,complete,,618415a4eb398ec064ece926,computer,Desktop or Laptop,Mac OS 10.15.7,Chrome 95.0.4638.69,1280x800,1280x609,,Prolific Adult Demographics Questionnaire,3,No,age-month,6
3,1636046314788,04/11/2021 17:18:34,1636046314240,-7,04/11/2021 10:18:34,68194,4,questionnaire-xtqr,,16892587,6160bb6c672b0539e28c2856,4999397,,complete,,618415a4eb398ec064ece926,computer,Desktop or Laptop,Mac OS 10.15.7,Chrome 95.0.4638.69,1280x800,1280x609,,Prolific Adult Demographics Questionnaire,3,No,age-year,25
4,1636046314788,04/11/2021 17:18:34,1636046314241,-7,04/11/2021 10:18:34,68194,4,questionnaire-xtqr,,16892587,6160bb6c672b0539e28c2856,4999397,,complete,,618415a4eb398ec064ece926,computer,Desktop or Laptop,Mac OS 10.15.7,Chrome 95.0.4638.69,1280x800,1280x609,,Prolific Adult Demographics Questionnaire,3,No,gender,female
5,1636046314788,04/11/2021 17:18:34,1636046314241,-7,04/11/2021 10:18:34,68194,4,questionnaire-xtqr,,16892587,6160bb6c672b0539e28c2856,4999397,,complete,,618415a4eb398ec064ece926,computer,Desktop or Laptop,Mac OS 10.15.7,Chrome 95.0.4638.69,1280x800,1280x609,,Prolific Adult Demographics Questionnaire,3,No,ethnicity,Not Hispanic or Latino
6,1636046314788,04/11/2021 17:18:34,1636046314241,-7,04/11/2021 10:18:34,68194,4,questionnaire-xtqr,,16892587,6160bb6c672b0539e28c2856,4999397,,complete,,618415a4eb398ec064ece926,computer,Desktop or Laptop,Mac OS 10.15.7,Chrome 95.0.4638.69,1280x800,1280x609,,Prolific Adult Demographics Questionnaire,3,No,ethnicity-quantised,2
7,1636046314788,04/11/2021 17:18:34,1636046314241,-7,04/11/2021 10:18:34,68194,4,questionnaire-xtqr,,16892587,6160bb6c672b0539e28c2856,4999397,,complete,,618415a4eb398ec064ece926,computer,Desktop or Laptop,Mac OS 10.15.7,Chrome 95.0.4638.69,1280x800,1280x609,,Prolific Adult Demographics Questionnaire,3,No,race-2,Asian
8,1636046314788,04/11/2021 17:18:34,1636046314241,-7,04/11/2021 10:18:34,68194,4,questionnaire-xtqr,,16892587,6160bb6c672b0539e28c2856,4999397,,complete,,618415a4eb398ec064ece926,computer,Desktop or Laptop,Mac OS 10.15.7,Chrome 95.0.4638.69,1280x800,1280x609,,Prolific Adult Demographics Questionnaire,3,No,Education Years,19
9,1636046314788,04/11/2021 17:18:34,1636046314241,-7,04/11/2021 10:18:34,68194,4,questionnaire-xtqr,,16892587,6160bb6c672b0539e28c2856,4999397,,complete,,618415a4eb398ec064ece926,computer,Desktop or Laptop,Mac OS 10.15.7,Chrome 95.0.4638.69,1280x800,1280x609,,Prolific Adult Demographics Questionnaire,3,No,END QUESTIONNAIRE,34217
1,1636047223876,04/11/2021 17:33:43,1636047221204,-4,04/11/2021 13:33:41,68194,4,questionnaire-xtqr,,16893030,60fb39eb5d54a06882af1a3e,4999522,,complete,,6184192e1b0bb547d187ee21,computer,Desktop or Laptop,Windows 10,Edge 95.0.1020.40,1536x864,1536x754,,Prolific Adult Demographics Questionnaire,3,No,BEGIN QUESTIONNAIRE,
2,1636047243432,04/11/2021 17:34:03,1636047240834,-4,04/11/2021 13:34:00,68194,4,questionnaire-xtqr,,16893030,60fb39eb5d54a06882af1a3e,4999522,,complete,,6184192e1b0bb547d187ee21,computer,Desktop or Laptop,Windows 10,Edge 95.0.1020.40,1536x864,1519x754,,Prolific Adult Demographics Questionnaire,3,No,age-month,0
3,1636047243666,04/11/2021 17:34:03,1636047240836,-4,04/11/2021 13:34:00,68194,4,questionnaire-xtqr,,16893030,60fb39eb5d54a06882af1a3e,4999522,,complete,,6184192e1b0bb547d187ee21,computer,Desktop or Laptop,Windows 10,Edge 95.0.1020.40,1536x864,1519x754,,Prolific Adult Demographics Questionnaire,3,No,age-year,29
4,1636047243666,04/11/2021 17:34:03,1636047240836,-4,04/11/2021 13:34:00,68194,4,questionnaire-xtqr,,16893030,60fb39eb5d54a06882af1a3e,4999522,,complete,,6184192e1b0bb547d187ee21,computer,Desktop or Laptop,Windows 10,Edge 95.0.1020.40,1536x864,1519x754,,Prolific Adult Demographics Questionnaire,3,No,gender,Female
5,1636047243666,04/11/2021 17:34:03,1636047240837,-4,04/11/2021 13:34:00,68194,4,questionnaire-xtqr,,16893030,60fb39eb5d54a06882af1a3e,4999522,,complete,,6184192e1b0bb547d187ee21,computer,Desktop or Laptop,Windows 10,Edge 95.0.1020.40,1536x864,1519x754,,Prolific Adult Demographics Questionnaire,3,No,ethnicity,Not Hispanic or Latino
6,1636047243666,04/11/2021 17:34:03,1636047240837,-4,04/11/2021 13:34:00,68194,4,questionnaire-xtqr,,16893030,60fb39eb5d54a06882af1a3e,4999522,,complete,,6184192e1b0bb547d187ee21,computer,Desktop or Laptop,Windows 10,Edge 95.0.1020.40,1536x864,1519x754,,Prolific Adult Demographics Questionnaire,3,No,ethnicity-quantised,2
7,1636047243666,04/11/2021 17:34:03,1636047240837,-4,04/11/2021 13:34:00,68194,4,questionnaire-xtqr,,16893030,60fb39eb5d54a06882af1a3e,4999522,,complete,,6184192e1b0bb547d187ee21,computer,Desktop or Laptop,Windows 10,Edge 95.0.1020.40,1536x864,1519x754,,Prolific Adult Demographics Questionnaire,3,No,race-5,White
8,1636047243666,04/11/2021 17:34:03,1636047240837,-4,04/11/2021 13:34:00,68194,4,questionnaire-xtqr,,16893030,60fb39eb5d54a06882af1a3e,4999522,,complete,,6184192e1b0bb547d187ee21,computer,Desktop or Laptop,Windows 10,Edge 95.0.1020.40,1536x864,1519x754,,Prolific Adult Demographics Questionnaire,3,No,Education Years,12
9,1636047243666,04/11/2021 17:34:03,1636047240837,-4,04/11/2021 13:34:00,68194,4,questionnaire-xtqr,,16893030,60fb39eb5d54a06882af1a3e,4999522,,complete,,6184192e1b0bb547d187ee21,computer,Desktop or Laptop,Windows 10,Edge 95.0.1020.40,1536x864,1519x754,,Prolific Adult Demographics Questionnaire,3,No,END QUESTIONNAIRE,19633
1,1636048294695,04/11/2021 17:51:34,1636048298679,-4,04/11/2021 13:51:38,68194,4,questionnaire-xtqr,,16893389,5a3b4683c478830001cca22d,4999620,,complete,,61841d8b67fe09ee35a4ebe2,computer,Desktop or Laptop,Windows 7,Chrome 95.0.4638.69,1440x900,1440x757,,Prolific Adult Demographics Questionnaire,3,No,BEGIN QUESTIONNAIRE,
2,1636048332913,04/11/2021 17:52:12,1636048336930,-4,04/11/2021 13:52:16,68194,4,questionnaire-xtqr,,16893389,5a3b4683c478830001cca22d,4999620,,complete,,61841d8b67fe09ee35a4ebe2,computer,Desktop or Laptop,Windows 7,Chrome 95.0.4638.69,1440x900,1423x757,,Prolific Adult Demographics Questionnaire,3,No,age-month,5
3,1636048333062,04/11/2021 17:52:13,1636048336931,-4,04/11/2021 13:52:16,68194,4,questionnaire-xtqr,,16893389,5a3b4683c478830001cca22d,4999620,,complete,,61841d8b67fe09ee35a4ebe2,computer,Desktop or Laptop,Windows 7,Chrome 95.0.4638.69,1440x900,1423x757,,Prolific Adult Demographics Questionnaire,3,No,age-year,31
4,1636048333062,04/11/2021 17:52:13,1636048336932,-4,04/11/2021 13:52:16,68194,4,questionnaire-xtqr,,16893389,5a3b4683c478830001cca22d,4999620,,complete,,61841d8b67fe09ee35a4ebe2,computer,Desktop or Laptop,Windows 7,Chrome 95.0.4638.69,1440x900,1423x757,,Prolific Adult Demographics Questionnaire,3,No,gender,Male
5,1636048333062,04/11/2021 17:52:13,1636048336932,-4,04/11/2021 13:52:16,68194,4,questionnaire-xtqr,,16893389,5a3b4683c478830001cca22d,4999620,,complete,,61841d8b67fe09ee35a4ebe2,computer,Desktop or Laptop,Windows 7,Chrome 95.0.4638.69,1440x900,1423x757,,Prolific Adult Demographics Questionnaire,3,No,ethnicity,Not Hispanic or Latino
6,1636048333062,04/11/2021 17:52:13,1636048336932,-4,04/11/2021 13:52:16,68194,4,questionnaire-xtqr,,16893389,5a3b4683c478830001cca22d,4999620,,complete,,61841d8b67fe09ee35a4ebe2,computer,Desktop or Laptop,Windows 7,Chrome 95.0.4638.69,1440x900,1423x757,,Prolific Adult Demographics Questionnaire,3,No,ethnicity-quantised,2
7,1636048333062,04/11/2021 17:52:13,1636048336932,-4,04/11/2021 13:52:16,68194,4,questionnaire-xtqr,,16893389,5a3b4683c478830001cca22d,4999620,,complete,,61841d8b67fe09ee35a4ebe2,computer,Desktop or Laptop,Windows 7,Chrome 95.0.4638.69,1440x900,1423x757,,Prolific Adult Demographics Questionnaire,3,No,race-5,White
8,1636048333062,04/11/2021 17:52:13,1636048336933,-4,04/11/2021 13:52:16,68194,4,questionnaire-xtqr,,16893389,5a3b4683c478830001cca22d,4999620,,complete,,61841d8b67fe09ee35a4ebe2,computer,Desktop or Laptop,Windows 7,Chrome 95.0.4638.69,1440x900,1423x757,,Prolific Adult Demographics Questionnaire,3,No,Education Years,11
9,1636048333062,04/11/2021 17:52:13,1636048336933,-4,04/11/2021 13:52:16,68194,4,questionnaire-xtqr,,16893389,5a3b4683c478830001cca22d,4999620,,complete,,61841d8b67fe09ee35a4ebe2,computer,Desktop or Laptop,Windows 7,Chrome 95.0.4638.69,1440x900,1423x757,,Prolific Adult Demographics Questionnaire,3,No,END QUESTIONNAIRE,38255
1,1636050191998,04/11/2021 18:23:11,1636050191869,-4,04/11/2021 14:23:11,68194,4,questionnaire-xtqr,,16894203,5f52682826475e5116d539be,4999836,,complete,,618424f86c85b86ea1c78422,computer,Desktop or Laptop,Mac OS 10.15.4,Chrome 94.0.4606.81,1440x900,1417x745,,Prolific Adult Demographics Questionnaire,3,No,BEGIN QUESTIONNAIRE,
2,1636050213919,04/11/2021 18:23:33,1636050213822,-4,04/11/2021 14:23:33,68194,4,questionnaire-xtqr,,16894203,5f52682826475e5116d539be,4999836,,complete,,618424f86c85b86ea1c78422,computer,Desktop or Laptop,Mac OS 10.15.4,Chrome 94.0.4606.81,1440x900,1417x745,,Prolific Adult Demographics Questionnaire,3,No,age-month,2
3,1636050214083,04/11/2021 18:23:34,1636050213824,-4,04/11/2021 14:23:33,68194,4,questionnaire-xtqr,,16894203,5f52682826475e5116d539be,4999836,,complete,,618424f86c85b86ea1c78422,computer,Desktop or Laptop,Mac OS 10.15.4,Chrome 94.0.4606.81,1440x900,1417x745,,Prolific Adult Demographics Questionnaire,3,No,age-year,26
4,1636050214083,04/11/2021 18:23:34,1636050213824,-4,04/11/2021 14:23:33,68194,4,questionnaire-xtqr,,16894203,5f52682826475e5116d539be,4999836,,complete,,618424f86c85b86ea1c78422,computer,Desktop or Laptop,Mac OS 10.15.4,Chrome 94.0.4606.81,1440x900,1417x745,,Prolific Adult Demographics Questionnaire,3,No,gender,Female
5,1636050214083,04/11/2021 18:23:34,1636050213825,-4,04/11/2021 14:23:33,68194,4,questionnaire-xtqr,,16894203,5f52682826475e5116d539be,4999836,,complete,,618424f86c85b86ea1c78422,computer,Desktop or Laptop,Mac OS 10.15.4,Chrome 94.0.4606.81,1440x900,1417x745,,Prolific Adult Demographics Questionnaire,3,No,ethnicity,Not Hispanic or Latino
6,1636050214083,04/11/2021 18:23:34,1636050213825,-4,04/11/2021 14:23:33,68194,4,questionnaire-xtqr,,16894203,5f52682826475e5116d539be,4999836,,complete,,618424f86c85b86ea1c78422,computer,Desktop or Laptop,Mac OS 10.15.4,Chrome 94.0.4606.81,1440x900,1417x745,,Prolific Adult Demographics Questionnaire,3,No,ethnicity-quantised,2
7,1636050214083,04/11/2021 18:23:34,1636050213825,-4,04/11/2021 14:23:33,68194,4,questionnaire-xtqr,,16894203,5f52682826475e5116d539be,4999836,,complete,,618424f86c85b86ea1c78422,computer,Desktop or Laptop,Mac OS 10.15.4,Chrome 94.0.4606.81,1440x900,1417x745,,Prolific Adult Demographics Questionnaire,3,No,race-5,White
8,1636050214083,04/11/2021 18:23:34,1636050213825,-4,04/11/2021 14:23:33,68194,4,questionnaire-xtqr,,16894203,5f52682826475e5116d539be,4999836,,complete,,618424f86c85b86ea1c78422,computer,Desktop or Laptop,Mac OS 10.15.4,Chrome 94.0.4606.81,1440x900,1417x745,,Prolific Adult Demographics Questionnaire,3,No,Education Years,17
9,1636050214083,04/11/2021 18:23:34,1636050213825,-4,04/11/2021 14:23:33,68194,4,questionnaire-xtqr,,16894203,5f52682826475e5116d539be,4999836,,complete,,618424f86c85b86ea1c78422,computer,Desktop or Laptop,Mac OS 10.15.4,Chrome 94.0.4606.81,1440x900,1417x745,,Prolific Adult Demographics Questionnaire,3,No,END QUESTIONNAIRE,21956
1,1636050850901,04/11/2021 18:34:10,1636050850764,-5,04/11/2021 13:34:10,68194,4,questionnaire-xtqr,,16894487,6112cc64de1d2b86464b9750,4999902,,complete,,618427895932cc034128f5b5,computer,Desktop or Laptop,Mac OS 10.13.6,Chrome 95.0.4638.54,1440x900,1440x821,,Prolific Adult Demographics Questionnaire,3,No,BEGIN QUESTIONNAIRE,
2,1636050873871,04/11/2021 18:34:33,1636050873754,-5,04/11/2021 13:34:33,68194,4,questionnaire-xtqr,,16894487,6112cc64de1d2b86464b9750,4999902,,complete,,618427895932cc034128f5b5,computer,Desktop or Laptop,Mac OS 10.13.6,Chrome 95.0.4638.54,1440x900,1440x821,,Prolific Adult Demographics Questionnaire,3,No,age-month,10
3,1636050874058,04/11/2021 18:34:34,1636050873755,-5,04/11/2021 13:34:33,68194,4,questionnaire-xtqr,,16894487,6112cc64de1d2b86464b9750,4999902,,complete,,618427895932cc034128f5b5,computer,Desktop or Laptop,Mac OS 10.13.6,Chrome 95.0.4638.54,1440x900,1440x821,,Prolific Adult Demographics Questionnaire,3,No,age-year,22
4,1636050874058,04/11/2021 18:34:34,1636050873755,-5,04/11/2021 13:34:33,68194,4,questionnaire-xtqr,,16894487,6112cc64de1d2b86464b9750,4999902,,complete,,618427895932cc034128f5b5,computer,Desktop or Laptop,Mac OS 10.13.6,Chrome 95.0.4638.54,1440x900,1440x821,,Prolific Adult Demographics Questionnaire,3,No,gender,Female
5,1636050874058,04/11/2021 18:34:34,1636050873755,-5,04/11/2021 13:34:33,68194,4,questionnaire-xtqr,,16894487,6112cc64de1d2b86464b9750,4999902,,complete,,618427895932cc034128f5b5,computer,Desktop or Laptop,Mac OS 10.13.6,Chrome 95.0.4638.54,1440x900,1440x821,,Prolific Adult Demographics Questionnaire,3,No,ethnicity,Not Hispanic or Latino
6,1636050874058,04/11/2021 18:34:34,1636050873755,-5,04/11/2021 13:34:33,68194,4,questionnaire-xtqr,,16894487,6112cc64de1d2b86464b9750,4999902,,complete,,618427895932cc034128f5b5,computer,Desktop or Laptop,Mac OS 10.13.6,Chrome 95.0.4638.54,1440x900,1440x821,,Prolific Adult Demographics Questionnaire,3,No,ethnicity-quantised,2
7,1636050874058,04/11/2021 18:34:34,1636050873755,-5,04/11/2021 13:34:33,68194,4,questionnaire-xtqr,,16894487,6112cc64de1d2b86464b9750,4999902,,complete,,618427895932cc034128f5b5,computer,Desktop or Laptop,Mac OS 10.13.6,Chrome 95.0.4638.54,1440x900,1440x821,,Prolific Adult Demographics Questionnaire,3,No,race-5,White
8,1636050874058,04/11/2021 18:34:34,1636050873756,-5,04/11/2021 13:34:33,68194,4,questionnaire-xtqr,,16894487,6112cc64de1d2b86464b9750,4999902,,complete,,618427895932cc034128f5b5,computer,Desktop or Laptop,Mac OS 10.13.6,Chrome 95.0.4638.54,1440x900,1440x821,,Prolific Adult Demographics Questionnaire,3,No,Education Years,14
9,1636050874058,04/11/2021 18:34:34,1636050873756,-5,04/11/2021 13:34:33,68194,4,questionnaire-xtqr,,16894487,6112cc64de1d2b86464b9750,4999902,,complete,,618427895932cc034128f5b5,computer,Desktop or Laptop,Mac OS 10.13.6,Chrome 95.0.4638.54,1440x900,1440x821,,Prolific Adult Demographics Questionnaire,3,No,END QUESTIONNAIRE,22992
1,1636051139325,04/11/2021 18:38:59,1636051139143,-4,04/11/2021 14:38:59,68194,4,questionnaire-xtqr,,16894619,610ca7328b311fb3f6e3d8ad,4999933,,complete,,618428a336fe68b7b005b138,computer,Desktop or Laptop,Mac OS 10.15.7,Chrome 94.0.4606.81,1440x900,1440x730,,Prolific Adult Demographics Questionnaire,3,No,BEGIN QUESTIONNAIRE,
2,1636051167858,04/11/2021 18:39:27,1636051167616,-4,04/11/2021 14:39:27,68194,4,questionnaire-xtqr,,16894619,610ca7328b311fb3f6e3d8ad,4999933,,complete,,618428a336fe68b7b005b138,computer,Desktop or Laptop,Mac OS 10.15.7,Chrome 94.0.4606.81,1440x900,1440x730,,Prolific Adult Demographics Questionnaire,3,No,age-month,4
3,1636051168055,04/11/2021 18:39:28,1636051167618,-4,04/11/2021 14:39:27,68194,4,questionnaire-xtqr,,16894619,610ca7328b311fb3f6e3d8ad,4999933,,complete,,618428a336fe68b7b005b138,computer,Desktop or Laptop,Mac OS 10.15.7,Chrome 94.0.4606.81,1440x900,1440x730,,Prolific Adult Demographics Questionnaire,3,No,age-year,25
4,1636051168055,04/11/2021 18:39:28,1636051167618,-4,04/11/2021 14:39:27,68194,4,questionnaire-xtqr,,16894619,610ca7328b311fb3f6e3d8ad,4999933,,complete,,618428a336fe68b7b005b138,computer,Desktop or Laptop,Mac OS 10.15.7,Chrome 94.0.4606.81,1440x900,1440x730,,Prolific Adult Demographics Questionnaire,3,No,gender,Female
5,1636051168055,04/11/2021 18:39:28,1636051167618,-4,04/11/2021 14:39:27,68194,4,questionnaire-xtqr,,16894619,610ca7328b311fb3f6e3d8ad,4999933,,complete,,618428a336fe68b7b005b138,computer,Desktop or Laptop,Mac OS 10.15.7,Chrome 94.0.4606.81,1440x900,1440x730,,Prolific Adult Demographics Questionnaire,3,No,ethnicity,Not Hispanic or Latino
6,1636051168055,04/11/2021 18:39:28,1636051167618,-4,04/11/2021 14:39:27,68194,4,questionnaire-xtqr,,16894619,610ca7328b311fb3f6e3d8ad,4999933,,complete,,618428a336fe68b7b005b138,computer,Desktop or Laptop,Mac OS 10.15.7,Chrome 94.0.4606.81,1440x900,1440x730,,Prolific Adult Demographics Questionnaire,3,No,ethnicity-quantised,2
7,1636051168055,04/11/2021 18:39:28,1636051167618,-4,04/11/2021 14:39:27,68194,4,questionnaire-xtqr,,16894619,610ca7328b311fb3f6e3d8ad,4999933,,complete,,618428a336fe68b7b005b138,computer,Desktop or Laptop,Mac OS 10.15.7,Chrome 94.0.4606.81,1440x900,1440x730,,Prolific Adult Demographics Questionnaire,3,No,race-5,White
8,1636051168055,04/11/2021 18:39:28,1636051167618,-4,04/11/2021 14:39:27,68194,4,questionnaire-xtqr,,16894619,610ca7328b311fb3f6e3d8ad,4999933,,complete,,618428a336fe68b7b005b138,computer,Desktop or Laptop,Mac OS 10.15.7,Chrome 94.0.4606.81,1440x900,1440x730,,Prolific Adult Demographics Questionnaire,3,No,Education Years,17
9,1636051168055,04/11/2021 18:39:28,1636051167619,-4,04/11/2021 14:39:27,68194,4,questionnaire-xtqr,,16894619,610ca7328b311fb3f6e3d8ad,4999933,,complete,,618428a336fe68b7b005b138,computer,Desktop or Laptop,Mac OS 10.15.7,Chrome 94.0.4606.81,1440x900,1440x730,,Prolific Adult Demographics Questionnaire,3,No,END QUESTIONNAIRE,28476
1,1636051403047,04/11/2021 18:43:23,1636051402704,-4,04/11/2021 14:43:22,68194,4,questionnaire-xtqr,,16894717,5eb3629472398915cb013c43,4999961,,complete,,618429a5e863cb6e3b2d8047,computer,Desktop or Laptop,Windows 10,Chrome 95.0.4638.69,1280x1024,1280x881,,Prolific Adult Demographics Questionnaire,3,No,BEGIN QUESTIONNAIRE,
2,1636051423494,04/11/2021 18:43:43,1636051423131,-4,04/11/2021 14:43:43,68194,4,questionnaire-xtqr,,16894717,5eb3629472398915cb013c43,4999961,,complete,,618429a5e863cb6e3b2d8047,computer,Desktop or Laptop,Windows 10,Chrome 95.0.4638.69,1280x1024,1280x881,,Prolific Adult Demographics Questionnaire,3,No,age-month,3
3,1636051423619,04/11/2021 18:43:43,1636051423132,-4,04/11/2021 14:43:43,68194,4,questionnaire-xtqr,,16894717,5eb3629472398915cb013c43,4999961,,complete,,618429a5e863cb6e3b2d8047,computer,Desktop or Laptop,Windows 10,Chrome 95.0.4638.69,1280x1024,1280x881,,Prolific Adult Demographics Questionnaire,3,No,age-year,34
4,1636051423619,04/11/2021 18:43:43,1636051423133,-4,04/11/2021 14:43:43,68194,4,questionnaire-xtqr,,16894717,5eb3629472398915cb013c43,4999961,,complete,,618429a5e863cb6e3b2d8047,computer,Desktop or Laptop,Windows 10,Chrome 95.0.4638.69,1280x1024,1280x881,,Prolific Adult Demographics Questionnaire,3,No,gender,female
5,1636051423619,04/11/2021 18:43:43,1636051423133,-4,04/11/2021 14:43:43,68194,4,questionnaire-xtqr,,16894717,5eb3629472398915cb013c43,4999961,,complete,,618429a5e863cb6e3b2d8047,computer,Desktop or Laptop,Windows 10,Chrome 95.0.4638.69,1280x1024,1280x881,,Prolific Adult Demographics Questionnaire,3,No,ethnicity,Not Hispanic or Latino
6,1636051423619,04/11/2021 18:43:43,1636051423133,-4,04/11/2021 14:43:43,68194,4,questionnaire-xtqr,,16894717,5eb3629472398915cb013c43,4999961,,complete,,618429a5e863cb6e3b2d8047,computer,Desktop or Laptop,Windows 10,Chrome 95.0.4638.69,1280x1024,1280x881,,Prolific Adult Demographics Questionnaire,3,No,ethnicity-quantised,2
7,1636051423619,04/11/2021 18:43:43,1636051423133,-4,04/11/2021 14:43:43,68194,4,questionnaire-xtqr,,16894717,5eb3629472398915cb013c43,4999961,,complete,,618429a5e863cb6e3b2d8047,computer,Desktop or Laptop,Windows 10,Chrome 95.0.4638.69,1280x1024,1280x881,,Prolific Adult Demographics Questionnaire,3,No,race-4,Black or African American
8,1636051423619,04/11/2021 18:43:43,1636051423133,-4,04/11/2021 14:43:43,68194,4,questionnaire-xtqr,,16894717,5eb3629472398915cb013c43,4999961,,complete,,618429a5e863cb6e3b2d8047,computer,Desktop or Laptop,Windows 10,Chrome 95.0.4638.69,1280x1024,1280x881,,Prolific Adult Demographics Questionnaire,3,No,Education Years,16
9,1636051423619,04/11/2021 18:43:43,1636051423133,-4,04/11/2021 14:43:43,68194,4,questionnaire-xtqr,,16894717,5eb3629472398915cb013c43,4999961,,complete,,618429a5e863cb6e3b2d8047,computer,Desktop or Laptop,Windows 10,Chrome 95.0.4638.69,1280x1024,1280x881,,Prolific Adult Demographics Questionnaire,3,No,END QUESTIONNAIRE,20429
1,1636051976157,04/11/2021 18:52:56,1636051975949,-4,04/11/2021 14:52:55,68194,4,questionnaire-xtqr,,16894946,616cdff0a4ce08d22d044d77,5000011,,complete,,61842bcb12995a7c3ffd330e,computer,Desktop or Laptop,Windows 10,Chrome 95.0.4638.69,1920x1080,1920x969,,Prolific Adult Demographics Questionnaire,3,No,BEGIN QUESTIONNAIRE,
2,1636052009427,04/11/2021 18:53:29,1636052009279,-4,04/11/2021 14:53:29,68194,4,questionnaire-xtqr,,16894946,616cdff0a4ce08d22d044d77,5000011,,complete,,61842bcb12995a7c3ffd330e,computer,Desktop or Laptop,Windows 10,Chrome 95.0.4638.69,1920x1080,1920x969,,Prolific Adult Demographics Questionnaire,3,No,age-month,1
3,1636052009678,04/11/2021 18:53:29,1636052009280,-4,04/11/2021 14:53:29,68194,4,questionnaire-xtqr,,16894946,616cdff0a4ce08d22d044d77,5000011,,complete,,61842bcb12995a7c3ffd330e,computer,Desktop or Laptop,Windows 10,Chrome 95.0.4638.69,1920x1080,1920x969,,Prolific Adult Demographics Questionnaire,3,No,age-year,19
4,1636052009678,04/11/2021 18:53:29,1636052009280,-4,04/11/2021 14:53:29,68194,4,questionnaire-xtqr,,16894946,616cdff0a4ce08d22d044d77,5000011,,complete,,61842bcb12995a7c3ffd330e,computer,Desktop or Laptop,Windows 10,Chrome 95.0.4638.69,1920x1080,1920x969,,Prolific Adult Demographics Questionnaire,3,No,gender,Male
5,1636052009678,04/11/2021 18:53:29,1636052009280,-4,04/11/2021 14:53:29,68194,4,questionnaire-xtqr,,16894946,616cdff0a4ce08d22d044d77,5000011,,complete,,61842bcb12995a7c3ffd330e,computer,Desktop or Laptop,Windows 10,Chrome 95.0.4638.69,1920x1080,1920x969,,Prolific Adult Demographics Questionnaire,3,No,ethnicity,Not Hispanic or Latino
6,1636052009678,04/11/2021 18:53:29,1636052009280,-4,04/11/2021 14:53:29,68194,4,questionnaire-xtqr,,16894946,616cdff0a4ce08d22d044d77,5000011,,complete,,61842bcb12995a7c3ffd330e,computer,Desktop or Laptop,Windows 10,Chrome 95.0.4638.69,1920x1080,1920x969,,Prolific Adult Demographics Questionnaire,3,No,ethnicity-quantised,2
7,1636052009678,04/11/2021 18:53:29,1636052009280,-4,04/11/2021 14:53:29,68194,4,questionnaire-xtqr,,16894946,616cdff0a4ce08d22d044d77,5000011,,complete,,61842bcb12995a7c3ffd330e,computer,Desktop or Laptop,Windows 10,Chrome 95.0.4638.69,1920x1080,1920x969,,Prolific Adult Demographics Questionnaire,3,No,race-5,White
8,1636052009678,04/11/2021 18:53:29,1636052009280,-4,04/11/2021 14:53:29,68194,4,questionnaire-xtqr,,16894946,616cdff0a4ce08d22d044d77,5000011,,complete,,61842bcb12995a7c3ffd330e,computer,Desktop or Laptop,Windows 10,Chrome 95.0.4638.69,1920x1080,1920x969,,Prolific Adult Demographics Questionnaire,3,No,Education Years,12
9,1636052009678,04/11/2021 18:53:29,1636052009281,-4,04/11/2021 14:53:29,68194,4,questionnaire-xtqr,,16894946,616cdff0a4ce08d22d044d77,5000011,,complete,,61842bcb12995a7c3ffd330e,computer,Desktop or Laptop,Windows 10,Chrome 95.0.4638.69,1920x1080,1920x969,,Prolific Adult Demographics Questionnaire,3,No,END QUESTIONNAIRE,33332
1,1636052952842,04/11/2021 19:09:12,1636052951848,-4,04/11/2021 15:09:11,68194,4,questionnaire-xtqr,,16895247,612cfe0ae69d9350695a063e,5000102,,complete,,61842fc51ef2cc58ee8618ad,computer,Desktop or Laptop,Windows 10,Chrome 95.0.4638.69,1536x864,1536x722,,Prolific Adult Demographics Questionnaire,3,No,BEGIN QUESTIONNAIRE,
2,1636052985437,04/11/2021 19:09:45,1636052984476,-4,04/11/2021 15:09:44,68194,4,questionnaire-xtqr,,16895247,612cfe0ae69d9350695a063e,5000102,,complete,,61842fc51ef2cc58ee8618ad,computer,Desktop or Laptop,Windows 10,Chrome 95.0.4638.69,1536x864,1519x722,,Prolific Adult Demographics Questionnaire,3,No,age-month,6
3,1636052985623,04/11/2021 19:09:45,1636052984478,-4,04/11/2021 15:09:44,68194,4,questionnaire-xtqr,,16895247,612cfe0ae69d9350695a063e,5000102,,complete,,61842fc51ef2cc58ee8618ad,computer,Desktop or Laptop,Windows 10,Chrome 95.0.4638.69,1536x864,1519x722,,Prolific Adult Demographics Questionnaire,3,No,age-year,18
4,1636052985623,04/11/2021 19:09:45,1636052984478,-4,04/11/2021 15:09:44,68194,4,questionnaire-xtqr,,16895247,612cfe0ae69d9350695a063e,5000102,,complete,,61842fc51ef2cc58ee8618ad,computer,Desktop or Laptop,Windows 10,Chrome 95.0.4638.69,1536x864,1519x722,,Prolific Adult Demographics Questionnaire,3,No,gender,female
5,1636052985623,04/11/2021 19:09:45,1636052984479,-4,04/11/2021 15:09:44,68194,4,questionnaire-xtqr,,16895247,612cfe0ae69d9350695a063e,5000102,,complete,,61842fc51ef2cc58ee8618ad,computer,Desktop or Laptop,Windows 10,Chrome 95.0.4638.69,1536x864,1519x722,,Prolific Adult Demographics Questionnaire,3,No,ethnicity,Not Hispanic or Latino
6,1636052985623,04/11/2021 19:09:45,1636052984479,-4,04/11/2021 15:09:44,68194,4,questionnaire-xtqr,,16895247,612cfe0ae69d9350695a063e,5000102,,complete,,61842fc51ef2cc58ee8618ad,computer,Desktop or Laptop,Windows 10,Chrome 95.0.4638.69,1536x864,1519x722,,Prolific Adult Demographics Questionnaire,3,No,ethnicity-quantised,2
7,1636052985623,04/11/2021 19:09:45,1636052984479,-4,04/11/2021 15:09:44,68194,4,questionnaire-xtqr,,16895247,612cfe0ae69d9350695a063e,5000102,,complete,,61842fc51ef2cc58ee8618ad,computer,Desktop or Laptop,Windows 10,Chrome 95.0.4638.69,1536x864,1519x722,,Prolific Adult Demographics Questionnaire,3,No,race-5,White
8,1636052985623,04/11/2021 19:09:45,1636052984479,-4,04/11/2021 15:09:44,68194,4,questionnaire-xtqr,,16895247,612cfe0ae69d9350695a063e,5000102,,complete,,61842fc51ef2cc58ee8618ad,computer,Desktop or Laptop,Windows 10,Chrome 95.0.4638.69,1536x864,1519x722,,Prolific Adult Demographics Questionnaire,3,No,Education Years,14
9,1636052985623,04/11/2021 19:09:45,1636052984479,-4,04/11/2021 15:09:44,68194,4,questionnaire-xtqr,,16895247,612cfe0ae69d9350695a063e,5000102,,complete,,61842fc51ef2cc58ee8618ad,computer,Desktop or Laptop,Windows 10,Chrome 95.0.4638.69,1536x864,1519x722,,Prolific Adult Demographics Questionnaire,3,No,END QUESTIONNAIRE,32632
1,1636052983560,04/11/2021 19:09:43,1636052982602,-4,04/11/2021 15:09:42,68194,4,questionnaire-xtqr,,16895261,6169148bd6f750bb95b972b0,5000105,,complete,,61842fdaa28cbdc33ef524be,computer,Desktop or Laptop,Chromium OS 14150.74.0,Chrome 94.0.4606.114,1600x900,1601x782,,Prolific Adult Demographics Questionnaire,3,No,BEGIN QUESTIONNAIRE,
2,1636053009297,04/11/2021 19:10:09,1636053007925,-4,04/11/2021 15:10:07,68194,4,questionnaire-xtqr,,16895261,6169148bd6f750bb95b972b0,5000105,,complete,,61842fdaa28cbdc33ef524be,computer,Desktop or Laptop,Chromium OS 14150.74.0,Chrome 94.0.4606.114,1600x900,1601x782,,Prolific Adult Demographics Questionnaire,3,No,age-month,8
3,1636053009563,04/11/2021 19:10:09,1636053007928,-4,04/11/2021 15:10:07,68194,4,questionnaire-xtqr,,16895261,6169148bd6f750bb95b972b0,5000105,,complete,,61842fdaa28cbdc33ef524be,computer,Desktop or Laptop,Chromium OS 14150.74.0,Chrome 94.0.4606.114,1600x900,1601x782,,Prolific Adult Demographics Questionnaire,3,No,age-year,21
4,1636053009563,04/11/2021 19:10:09,1636053007929,-4,04/11/2021 15:10:07,68194,4,questionnaire-xtqr,,16895261,6169148bd6f750bb95b972b0,5000105,,complete,,61842fdaa28cbdc33ef524be,computer,Desktop or Laptop,Chromium OS 14150.74.0,Chrome 94.0.4606.114,1600x900,1601x782,,Prolific Adult Demographics Questionnaire,3,No,gender,Male
5,1636053009563,04/11/2021 19:10:09,1636053007930,-4,04/11/2021 15:10:07,68194,4,questionnaire-xtqr,,16895261,6169148bd6f750bb95b972b0,5000105,,complete,,61842fdaa28cbdc33ef524be,computer,Desktop or Laptop,Chromium OS 14150.74.0,Chrome 94.0.4606.114,1600x900,1601x782,,Prolific Adult Demographics Questionnaire,3,No,ethnicity,Not Hispanic or Latino
6,1636053009563,04/11/2021 19:10:09,1636053007930,-4,04/11/2021 15:10:07,68194,4,questionnaire-xtqr,,16895261,6169148bd6f750bb95b972b0,5000105,,complete,,61842fdaa28cbdc33ef524be,computer,Desktop or Laptop,Chromium OS 14150.74.0,Chrome 94.0.4606.114,1600x900,1601x782,,Prolific Adult Demographics Questionnaire,3,No,ethnicity-quantised,2
7,1636053009563,04/11/2021 19:10:09,1636053007931,-4,04/11/2021 15:10:07,68194,4,questionnaire-xtqr,,16895261,6169148bd6f750bb95b972b0,5000105,,complete,,61842fdaa28cbdc33ef524be,computer,Desktop or Laptop,Chromium OS 14150.74.0,Chrome 94.0.4606.114,1600x900,1601x782,,Prolific Adult Demographics Questionnaire,3,No,race-4,Black or African American
8,1636053009563,04/11/2021 19:10:09,1636053007931,-4,04/11/2021 15:10:07,68194,4,questionnaire-xtqr,,16895261,6169148bd6f750bb95b972b0,5000105,,complete,,61842fdaa28cbdc33ef524be,computer,Desktop or Laptop,Chromium OS 14150.74.0,Chrome 94.0.4606.114,1600x900,1601x782,,Prolific Adult Demographics Questionnaire,3,No,Education Years,11
9,1636053009563,04/11/2021 19:10:09,1636053007932,-4,04/11/2021 15:10:07,68194,4,questionnaire-xtqr,,16895261,6169148bd6f750bb95b972b0,5000105,,complete,,61842fdaa28cbdc33ef524be,computer,Desktop or Laptop,Chromium OS 14150.74.0,Chrome 94.0.4606.114,1600x900,1601x782,,Prolific Adult Demographics Questionnaire,3,No,END QUESTIONNAIRE,25330
1,1636053059734,04/11/2021 19:10:59,1636053059605,-7,04/11/2021 12:10:59,68194,4,questionnaire-xtqr,,16895290,614e1d9272b5f46d5946f49e,5000113,,complete,,6184302c9e611bd36c87e997,computer,Desktop or Laptop,Windows 10,Chrome 95.0.4638.69,1920x1080,1920x937,,Prolific Adult Demographics Questionnaire,3,No,BEGIN QUESTIONNAIRE,
2,1636053085550,04/11/2021 19:11:25,1636053085432,-7,04/11/2021 12:11:25,68194,4,questionnaire-xtqr,,16895290,614e1d9272b5f46d5946f49e,5000113,,complete,,6184302c9e611bd36c87e997,computer,Desktop or Laptop,Windows 10,Chrome 95.0.4638.69,1920x1080,1920x937,,Prolific Adult Demographics Questionnaire,3,No,age-month,7
3,1636053085778,04/11/2021 19:11:25,1636053085433,-7,04/11/2021 12:11:25,68194,4,questionnaire-xtqr,,16895290,614e1d9272b5f46d5946f49e,5000113,,complete,,6184302c9e611bd36c87e997,computer,Desktop or Laptop,Windows 10,Chrome 95.0.4638.69,1920x1080,1920x937,,Prolific Adult Demographics Questionnaire,3,No,age-year,35
4,1636053085778,04/11/2021 19:11:25,1636053085433,-7,04/11/2021 12:11:25,68194,4,questionnaire-xtqr,,16895290,614e1d9272b5f46d5946f49e,5000113,,complete,,6184302c9e611bd36c87e997,computer,Desktop or Laptop,Windows 10,Chrome 95.0.4638.69,1920x1080,1920x937,,Prolific Adult Demographics Questionnaire,3,No,gender,Male
5,1636053085778,04/11/2021 19:11:25,1636053085433,-7,04/11/2021 12:11:25,68194,4,questionnaire-xtqr,,16895290,614e1d9272b5f46d5946f49e,5000113,,complete,,6184302c9e611bd36c87e997,computer,Desktop or Laptop,Windows 10,Chrome 95.0.4638.69,1920x1080,1920x937,,Prolific Adult Demographics Questionnaire,3,No,ethnicity,Not Hispanic or Latino
6,1636053085778,04/11/2021 19:11:25,1636053085434,-7,04/11/2021 12:11:25,68194,4,questionnaire-xtqr,,16895290,614e1d9272b5f46d5946f49e,5000113,,complete,,6184302c9e611bd36c87e997,computer,Desktop or Laptop,Windows 10,Chrome 95.0.4638.69,1920x1080,1920x937,,Prolific Adult Demographics Questionnaire,3,No,ethnicity-quantised,2
7,1636053085778,04/11/2021 19:11:25,1636053085434,-7,04/11/2021 12:11:25,68194,4,questionnaire-xtqr,,16895290,614e1d9272b5f46d5946f49e,5000113,,complete,,6184302c9e611bd36c87e997,computer,Desktop or Laptop,Windows 10,Chrome 95.0.4638.69,1920x1080,1920x937,,Prolific Adult Demographics Questionnaire,3,No,race-5,White
8,1636053085778,04/11/2021 19:11:25,1636053085434,-7,04/11/2021 12:11:25,68194,4,questionnaire-xtqr,,16895290,614e1d9272b5f46d5946f49e,5000113,,complete,,6184302c9e611bd36c87e997,computer,Desktop or Laptop,Windows 10,Chrome 95.0.4638.69,1920x1080,1920x937,,Prolific Adult Demographics Questionnaire,3,No,Education Years,4
9,1636053085778,04/11/2021 19:11:25,1636053085434,-7,04/11/2021 12:11:25,68194,4,questionnaire-xtqr,,16895290,614e1d9272b5f46d5946f49e,5000113,,complete,,6184302c9e611bd36c87e997,computer,Desktop or Laptop,Windows 10,Chrome 95.0.4638.69,1920x1080,1920x937,,Prolific Adult Demographics Questionnaire,3,No,END QUESTIONNAIRE,25829
1,1636053443252,04/11/2021 19:17:23,1636053442188,-5,04/11/2021 14:17:22,68194,4,questionnaire-xtqr,,16895424,5ee04c3aa397863948b8b1c9,5000146,,complete,,618431730ba3c459cee5f9ca,computer,Desktop or Laptop,Windows 10,Firefox 93.0,1550x1034,1550x910,,Prolific Adult Demographics Questionnaire,3,No,BEGIN QUESTIONNAIRE,
2,1636053549853,04/11/2021 19:19:09,1636053548820,-5,04/11/2021 14:19:08,68194,4,questionnaire-xtqr,,16895424,5ee04c3aa397863948b8b1c9,5000146,,complete,,618431730ba3c459cee5f9ca,computer,Desktop or Laptop,Windows 10,Firefox 93.0,1550x1034,1550x910,,Prolific Adult Demographics Questionnaire,3,No,age-month,5
3,1636053550042,04/11/2021 19:19:10,1636053548822,-5,04/11/2021 14:19:08,68194,4,questionnaire-xtqr,,16895424,5ee04c3aa397863948b8b1c9,5000146,,complete,,618431730ba3c459cee5f9ca,computer,Desktop or Laptop,Windows 10,Firefox 93.0,1550x1034,1550x910,,Prolific Adult Demographics Questionnaire,3,No,age-year,28
4,1636053550042,04/11/2021 19:19:10,1636053548822,-5,04/11/2021 14:19:08,68194,4,questionnaire-xtqr,,16895424,5ee04c3aa397863948b8b1c9,5000146,,complete,,618431730ba3c459cee5f9ca,computer,Desktop or Laptop,Windows 10,Firefox 93.0,1550x1034,1550x910,,Prolific Adult Demographics Questionnaire,3,No,gender,Female
5,1636053550042,04/11/2021 19:19:10,1636053548822,-5,04/11/2021 14:19:08,68194,4,questionnaire-xtqr,,16895424,5ee04c3aa397863948b8b1c9,5000146,,complete,,618431730ba3c459cee5f9ca,computer,Desktop or Laptop,Windows 10,Firefox 93.0,1550x1034,1550x910,,Prolific Adult Demographics Questionnaire,3,No,ethnicity,Not Hispanic or Latino
6,1636053550042,04/11/2021 19:19:10,1636053548822,-5,04/11/2021 14:19:08,68194,4,questionnaire-xtqr,,16895424,5ee04c3aa397863948b8b1c9,5000146,,complete,,618431730ba3c459cee5f9ca,computer,Desktop or Laptop,Windows 10,Firefox 93.0,1550x1034,1550x910,,Prolific Adult Demographics Questionnaire,3,No,ethnicity-quantised,2
7,1636053550042,04/11/2021 19:19:10,1636053548822,-5,04/11/2021 14:19:08,68194,4,questionnaire-xtqr,,16895424,5ee04c3aa397863948b8b1c9,5000146,,complete,,618431730ba3c459cee5f9ca,computer,Desktop or Laptop,Windows 10,Firefox 93.0,1550x1034,1550x910,,Prolific Adult Demographics Questionnaire,3,No,race-5,White
8,1636053550042,04/11/2021 19:19:10,1636053548823,-5,04/11/2021 14:19:08,68194,4,questionnaire-xtqr,,16895424,5ee04c3aa397863948b8b1c9,5000146,,complete,,618431730ba3c459cee5f9ca,computer,Desktop or Laptop,Windows 10,Firefox 93.0,1550x1034,1550x910,,Prolific Adult Demographics Questionnaire,3,No,Education Years,17
9,1636053550042,04/11/2021 19:19:10,1636053548823,-5,04/11/2021 14:19:08,68194,4,questionnaire-xtqr,,16895424,5ee04c3aa397863948b8b1c9,5000146,,complete,,618431730ba3c459cee5f9ca,computer,Desktop or Laptop,Windows 10,Firefox 93.0,1550x1034,1550x910,,Prolific Adult Demographics Questionnaire,3,No,END QUESTIONNAIRE,106636
1,1636053761437,04/11/2021 19:22:41,1636053761322,-4,04/11/2021 15:22:41,68194,4,questionnaire-xtqr,,16895543,60fe1a9d554d192b202ed74d,5000183,,complete,,618432c2128973f6fdddd742,computer,Desktop or Laptop,Mac OS 10.11.6,Chrome 95.0.4638.69,1440x900,1242x701,,Prolific Adult Demographics Questionnaire,3,No,BEGIN QUESTIONNAIRE,
2,1636053823455,04/11/2021 19:23:43,1636053823381,-4,04/11/2021 15:23:43,68194,4,questionnaire-xtqr,,16895543,60fe1a9d554d192b202ed74d,5000183,,complete,,618432c2128973f6fdddd742,computer,Desktop or Laptop,Mac OS 10.11.6,Chrome 95.0.4638.69,1440x900,1227x701,,Prolific Adult Demographics Questionnaire,3,No,age-month,10
3,1636053823630,04/11/2021 19:23:43,1636053823383,-4,04/11/2021 15:23:43,68194,4,questionnaire-xtqr,,16895543,60fe1a9d554d192b202ed74d,5000183,,complete,,618432c2128973f6fdddd742,computer,Desktop or Laptop,Mac OS 10.11.6,Chrome 95.0.4638.69,1440x900,1227x701,,Prolific Adult Demographics Questionnaire,3,No,age-year,23
4,1636053823630,04/11/2021 19:23:43,1636053823383,-4,04/11/2021 15:23:43,68194,4,questionnaire-xtqr,,16895543,60fe1a9d554d192b202ed74d,5000183,,complete,,618432c2128973f6fdddd742,computer,Desktop or Laptop,Mac OS 10.11.6,Chrome 95.0.4638.69,1440x900,1227x701,,Prolific Adult Demographics Questionnaire,3,No,gender,female
5,1636053823630,04/11/2021 19:23:43,1636053823383,-4,04/11/2021 15:23:43,68194,4,questionnaire-xtqr,,16895543,60fe1a9d554d192b202ed74d,5000183,,complete,,618432c2128973f6fdddd742,computer,Desktop or Laptop,Mac OS 10.11.6,Chrome 95.0.4638.69,1440x900,1227x701,,Prolific Adult Demographics Questionnaire,3,No,ethnicity,Not Hispanic or Latino
6,1636053823630,04/11/2021 19:23:43,1636053823383,-4,04/11/2021 15:23:43,68194,4,questionnaire-xtqr,,16895543,60fe1a9d554d192b202ed74d,5000183,,complete,,618432c2128973f6fdddd742,computer,Desktop or Laptop,Mac OS 10.11.6,Chrome 95.0.4638.69,1440x900,1227x701,,Prolific Adult Demographics Questionnaire,3,No,ethnicity-quantised,2
7,1636053823630,04/11/2021 19:23:43,1636053823384,-4,04/11/2021 15:23:43,68194,4,questionnaire-xtqr,,16895543,60fe1a9d554d192b202ed74d,5000183,,complete,,618432c2128973f6fdddd742,computer,Desktop or Laptop,Mac OS 10.11.6,Chrome 95.0.4638.69,1440x900,1227x701,,Prolific Adult Demographics Questionnaire,3,No,race-5,White
8,1636053823630,04/11/2021 19:23:43,1636053823384,-4,04/11/2021 15:23:43,68194,4,questionnaire-xtqr,,16895543,60fe1a9d554d192b202ed74d,5000183,,complete,,618432c2128973f6fdddd742,computer,Desktop or Laptop,Mac OS 10.11.6,Chrome 95.0.4638.69,1440x900,1227x701,,Prolific Adult Demographics Questionnaire,3,No,Education Years,16
9,1636053823630,04/11/2021 19:23:43,1636053823384,-4,04/11/2021 15:23:43,68194,4,questionnaire-xtqr,,16895543,60fe1a9d554d192b202ed74d,5000183,,complete,,618432c2128973f6fdddd742,computer,Desktop or Laptop,Mac OS 10.11.6,Chrome 95.0.4638.69,1440x900,1227x701,,Prolific Adult Demographics Questionnaire,3,No,END QUESTIONNAIRE,62062
1,1636054432056,04/11/2021 19:33:52,1636054431900,-4,04/11/2021 15:33:51,68194,4,questionnaire-xtqr,,16895843,6100a33721c31702bf821582,5000244,,complete,,61843558dae37a2a6571aa5d,computer,Desktop or Laptop,Mac OS 10.15.7,Safari 15.0,1280x800,1280x712,,Prolific Adult Demographics Questionnaire,3,No,BEGIN QUESTIONNAIRE,
2,1636054482075,04/11/2021 19:34:42,1636054481968,-4,04/11/2021 15:34:41,68194,4,questionnaire-xtqr,,16895843,6100a33721c31702bf821582,5000244,,complete,,61843558dae37a2a6571aa5d,computer,Desktop or Laptop,Mac OS 10.15.7,Safari 15.0,1280x800,1280x712,,Prolific Adult Demographics Questionnaire,3,No,age-month,0
3,1636054482231,04/11/2021 19:34:42,1636054481970,-4,04/11/2021 15:34:41,68194,4,questionnaire-xtqr,,16895843,6100a33721c31702bf821582,5000244,,complete,,61843558dae37a2a6571aa5d,computer,Desktop or Laptop,Mac OS 10.15.7,Safari 15.0,1280x800,1280x712,,Prolific Adult Demographics Questionnaire,3,No,age-year,36
4,1636054482231,04/11/2021 19:34:42,1636054481970,-4,04/11/2021 15:34:41,68194,4,questionnaire-xtqr,,16895843,6100a33721c31702bf821582,5000244,,complete,,61843558dae37a2a6571aa5d,computer,Desktop or Laptop,Mac OS 10.15.7,Safari 15.0,1280x800,1280x712,,Prolific Adult Demographics Questionnaire,3,No,gender,Female
5,1636054482231,04/11/2021 19:34:42,1636054481970,-4,04/11/2021 15:34:41,68194,4,questionnaire-xtqr,,16895843,6100a33721c31702bf821582,5000244,,complete,,61843558dae37a2a6571aa5d,computer,Desktop or Laptop,Mac OS 10.15.7,Safari 15.0,1280x800,1280x712,,Prolific Adult Demographics Questionnaire,3,No,ethnicity,Hispanic or Latino
6,1636054482231,04/11/2021 19:34:42,1636054481971,-4,04/11/2021 15:34:41,68194,4,questionnaire-xtqr,,16895843,6100a33721c31702bf821582,5000244,,complete,,61843558dae37a2a6571aa5d,computer,Desktop or Laptop,Mac OS 10.15.7,Safari 15.0,1280x800,1280x712,,Prolific Adult Demographics Questionnaire,3,No,ethnicity-quantised,1
7,1636054482231,04/11/2021 19:34:42,1636054481971,-4,04/11/2021 15:34:41,68194,4,questionnaire-xtqr,,16895843,6100a33721c31702bf821582,5000244,,complete,,61843558dae37a2a6571aa5d,computer,Desktop or Laptop,Mac OS 10.15.7,Safari 15.0,1280x800,1280x712,,Prolific Adult Demographics Questionnaire,3,No,race-5,White
8,1636054482231,04/11/2021 19:34:42,1636054481971,-4,04/11/2021 15:34:41,68194,4,questionnaire-xtqr,,16895843,6100a33721c31702bf821582,5000244,,complete,,61843558dae37a2a6571aa5d,computer,Desktop or Laptop,Mac OS 10.15.7,Safari 15.0,1280x800,1280x712,,Prolific Adult Demographics Questionnaire,3,No,Education Years,16
9,1636054482231,04/11/2021 19:34:42,1636054481971,-4,04/11/2021 15:34:41,68194,4,questionnaire-xtqr,,16895843,6100a33721c31702bf821582,5000244,,complete,,61843558dae37a2a6571aa5d,computer,Desktop or Laptop,Mac OS 10.15.7,Safari 15.0,1280x800,1280x712,,Prolific Adult Demographics Questionnaire,3,No,END QUESTIONNAIRE,50071
1,1636054497894,04/11/2021 19:34:57,1636054497651,-4,04/11/2021 15:34:57,68194,4,questionnaire-xtqr,,16895872,61549dfd17ea1ffa0931fd30,5000260,,complete,,618435c7a45b9d07061fce36,computer,Desktop or Laptop,Windows 10,Edge 95.0.1020.40,1920x1080,1920x969,,Prolific Adult Demographics Questionnaire,3,No,BEGIN QUESTIONNAIRE,
2,1636054549876,04/11/2021 19:35:49,1636054549674,-4,04/11/2021 15:35:49,68194,4,questionnaire-xtqr,,16895872,61549dfd17ea1ffa0931fd30,5000260,,complete,,618435c7a45b9d07061fce36,computer,Desktop or Laptop,Windows 10,Edge 95.0.1020.40,1920x1080,1920x969,,Prolific Adult Demographics Questionnaire,3,No,age-month,0
3,1636054550063,04/11/2021 19:35:50,1636054549674,-4,04/11/2021 15:35:49,68194,4,questionnaire-xtqr,,16895872,61549dfd17ea1ffa0931fd30,5000260,,complete,,618435c7a45b9d07061fce36,computer,Desktop or Laptop,Windows 10,Edge 95.0.1020.40,1920x1080,1920x969,,Prolific Adult Demographics Questionnaire,3,No,age-year,25
4,1636054550063,04/11/2021 19:35:50,1636054549675,-4,04/11/2021 15:35:49,68194,4,questionnaire-xtqr,,16895872,61549dfd17ea1ffa0931fd30,5000260,,complete,,618435c7a45b9d07061fce36,computer,Desktop or Laptop,Windows 10,Edge 95.0.1020.40,1920x1080,1920x969,,Prolific Adult Demographics Questionnaire,3,No,gender,Male
5,1636054550063,04/11/2021 19:35:50,1636054549675,-4,04/11/2021 15:35:49,68194,4,questionnaire-xtqr,,16895872,61549dfd17ea1ffa0931fd30,5000260,,complete,,618435c7a45b9d07061fce36,computer,Desktop or Laptop,Windows 10,Edge 95.0.1020.40,1920x1080,1920x969,,Prolific Adult Demographics Questionnaire,3,No,ethnicity,Not Hispanic or Latino
6,1636054550063,04/11/2021 19:35:50,1636054549675,-4,04/11/2021 15:35:49,68194,4,questionnaire-xtqr,,16895872,61549dfd17ea1ffa0931fd30,5000260,,complete,,618435c7a45b9d07061fce36,computer,Desktop or Laptop,Windows 10,Edge 95.0.1020.40,1920x1080,1920x969,,Prolific Adult Demographics Questionnaire,3,No,ethnicity-quantised,2
7,1636054550063,04/11/2021 19:35:50,1636054549675,-4,04/11/2021 15:35:49,68194,4,questionnaire-xtqr,,16895872,61549dfd17ea1ffa0931fd30,5000260,,complete,,618435c7a45b9d07061fce36,computer,Desktop or Laptop,Windows 10,Edge 95.0.1020.40,1920x1080,1920x969,,Prolific Adult Demographics Questionnaire,3,No,race-5,White
8,1636054550063,04/11/2021 19:35:50,1636054549675,-4,04/11/2021 15:35:49,68194,4,questionnaire-xtqr,,16895872,61549dfd17ea1ffa0931fd30,5000260,,complete,,618435c7a45b9d07061fce36,computer,Desktop or Laptop,Windows 10,Edge 95.0.1020.40,1920x1080,1920x969,,Prolific Adult Demographics Questionnaire,3,No,Education Years,15
9,1636054550063,04/11/2021 19:35:50,1636054549675,-4,04/11/2021 15:35:49,68194,4,questionnaire-xtqr,,16895872,61549dfd17ea1ffa0931fd30,5000260,,complete,,618435c7a45b9d07061fce36,computer,Desktop or Laptop,Windows 10,Edge 95.0.1020.40,1920x1080,1920x969,,Prolific Adult Demographics Questionnaire,3,No,END QUESTIONNAIRE,52024
1,1636054643571,04/11/2021 19:37:23,1636054644492,-4,04/11/2021 15:37:24,68194,4,questionnaire-xtqr,,16895908,617468f771cca260c12c5f15,5000267,,complete,,618436613c18c5b2c29605cd,computer,Desktop or Laptop,Windows 10,Chrome 95.0.4638.69,1920x1080,1719x930,,Prolific Adult Demographics Questionnaire,3,No,BEGIN QUESTIONNAIRE,
2,1636054681085,04/11/2021 19:38:01,1636054682043,-4,04/11/2021 15:38:02,68194,4,questionnaire-xtqr,,16895908,617468f771cca260c12c5f15,5000267,,complete,,618436613c18c5b2c29605cd,computer,Desktop or Laptop,Windows 10,Chrome 95.0.4638.69,1920x1080,1719x930,,Prolific Adult Demographics Questionnaire,3,No,age-month,10
3,1636054681288,04/11/2021 19:38:01,1636054682044,-4,04/11/2021 15:38:02,68194,4,questionnaire-xtqr,,16895908,617468f771cca260c12c5f15,5000267,,complete,,618436613c18c5b2c29605cd,computer,Desktop or Laptop,Windows 10,Chrome 95.0.4638.69,1920x1080,1719x930,,Prolific Adult Demographics Questionnaire,3,No,age-year,26
4,1636054681288,04/11/2021 19:38:01,1636054682044,-4,04/11/2021 15:38:02,68194,4,questionnaire-xtqr,,16895908,617468f771cca260c12c5f15,5000267,,complete,,618436613c18c5b2c29605cd,computer,Desktop or Laptop,Windows 10,Chrome 95.0.4638.69,1920x1080,1719x930,,Prolific Adult Demographics Questionnaire,3,No,gender,male
5,1636054681288,04/11/2021 19:38:01,1636054682044,-4,04/11/2021 15:38:02,68194,4,questionnaire-xtqr,,16895908,617468f771cca260c12c5f15,5000267,,complete,,618436613c18c5b2c29605cd,computer,Desktop or Laptop,Windows 10,Chrome 95.0.4638.69,1920x1080,1719x930,,Prolific Adult Demographics Questionnaire,3,No,ethnicity,Not Hispanic or Latino
6,1636054681288,04/11/2021 19:38:01,1636054682044,-4,04/11/2021 15:38:02,68194,4,questionnaire-xtqr,,16895908,617468f771cca260c12c5f15,5000267,,complete,,618436613c18c5b2c29605cd,computer,Desktop or Laptop,Windows 10,Chrome 95.0.4638.69,1920x1080,1719x930,,Prolific Adult Demographics Questionnaire,3,No,ethnicity-quantised,2
7,1636054681288,04/11/2021 19:38:01,1636054682044,-4,04/11/2021 15:38:02,68194,4,questionnaire-xtqr,,16895908,617468f771cca260c12c5f15,5000267,,complete,,618436613c18c5b2c29605cd,computer,Desktop or Laptop,Windows 10,Chrome 95.0.4638.69,1920x1080,1719x930,,Prolific Adult Demographics Questionnaire,3,No,race-5,White
8,1636054681288,04/11/2021 19:38:01,1636054682044,-4,04/11/2021 15:38:02,68194,4,questionnaire-xtqr,,16895908,617468f771cca260c12c5f15,5000267,,complete,,618436613c18c5b2c29605cd,computer,Desktop or Laptop,Windows 10,Chrome 95.0.4638.69,1920x1080,1719x930,,Prolific Adult Demographics Questionnaire,3,No,Education Years,18
9,1636054681288,04/11/2021 19:38:01,1636054682044,-4,04/11/2021 15:38:02,68194,4,questionnaire-xtqr,,16895908,617468f771cca260c12c5f15,5000267,,complete,,618436613c18c5b2c29605cd,computer,Desktop or Laptop,Windows 10,Chrome 95.0.4638.69,1920x1080,1719x930,,Prolific Adult Demographics Questionnaire,3,No,END QUESTIONNAIRE,37552
1,1636054678273,04/11/2021 19:37:58,1636054516373,-4,04/11/2021 15:35:16,68194,4,questionnaire-xtqr,,16895922,61301f29ab05bd4ed683086d,5000270,,complete,,618436810b90068fe008ab03,computer,Desktop or Laptop,Windows 10,Chrome 85.0.4183.102,1920x1080,1633x927,,Prolific Adult Demographics Questionnaire,3,No,BEGIN QUESTIONNAIRE,
2,1636054731068,04/11/2021 19:38:51,1636054569210,-4,04/11/2021 15:36:09,68194,4,questionnaire-xtqr,,16895922,61301f29ab05bd4ed683086d,5000270,,complete,,618436810b90068fe008ab03,computer,Desktop or Laptop,Windows 10,Chrome 85.0.4183.102,1920x1080,1633x927,,Prolific Adult Demographics Questionnaire,3,No,age-month,7
3,1636054731212,04/11/2021 19:38:51,1636054569211,-4,04/11/2021 15:36:09,68194,4,questionnaire-xtqr,,16895922,61301f29ab05bd4ed683086d,5000270,,complete,,618436810b90068fe008ab03,computer,Desktop or Laptop,Windows 10,Chrome 85.0.4183.102,1920x1080,1633x927,,Prolific Adult Demographics Questionnaire,3,No,age-year,36
4,1636054731212,04/11/2021 19:38:51,1636054569211,-4,04/11/2021 15:36:09,68194,4,questionnaire-xtqr,,16895922,61301f29ab05bd4ed683086d,5000270,,complete,,618436810b90068fe008ab03,computer,Desktop or Laptop,Windows 10,Chrome 85.0.4183.102,1920x1080,1633x927,,Prolific Adult Demographics Questionnaire,3,No,gender,female
5,1636054731212,04/11/2021 19:38:51,1636054569211,-4,04/11/2021 15:36:09,68194,4,questionnaire-xtqr,,16895922,61301f29ab05bd4ed683086d,5000270,,complete,,618436810b90068fe008ab03,computer,Desktop or Laptop,Windows 10,Chrome 85.0.4183.102,1920x1080,1633x927,,Prolific Adult Demographics Questionnaire,3,No,ethnicity,Not Hispanic or Latino
6,1636054731212,04/11/2021 19:38:51,1636054569211,-4,04/11/2021 15:36:09,68194,4,questionnaire-xtqr,,16895922,61301f29ab05bd4ed683086d,5000270,,complete,,618436810b90068fe008ab03,computer,Desktop or Laptop,Windows 10,Chrome 85.0.4183.102,1920x1080,1633x927,,Prolific Adult Demographics Questionnaire,3,No,ethnicity-quantised,2
7,1636054731212,04/11/2021 19:38:51,1636054569211,-4,04/11/2021 15:36:09,68194,4,questionnaire-xtqr,,16895922,61301f29ab05bd4ed683086d,5000270,,complete,,618436810b90068fe008ab03,computer,Desktop or Laptop,Windows 10,Chrome 85.0.4183.102,1920x1080,1633x927,,Prolific Adult Demographics Questionnaire,3,No,race-4,Black or African American
8,1636054731212,04/11/2021 19:38:51,1636054569211,-4,04/11/2021 15:36:09,68194,4,questionnaire-xtqr,,16895922,61301f29ab05bd4ed683086d,5000270,,complete,,618436810b90068fe008ab03,computer,Desktop or Laptop,Windows 10,Chrome 85.0.4183.102,1920x1080,1633x927,,Prolific Adult Demographics Questionnaire,3,No,Education Years,15
9,1636054731212,04/11/2021 19:38:51,1636054569212,-4,04/11/2021 15:36:09,68194,4,questionnaire-xtqr,,16895922,61301f29ab05bd4ed683086d,5000270,,complete,,618436810b90068fe008ab03,computer,Desktop or Laptop,Windows 10,Chrome 85.0.4183.102,1920x1080,1633x927,,Prolific Adult Demographics Questionnaire,3,No,END QUESTIONNAIRE,52839
1,1636054764813,04/11/2021 19:39:24,1636054736210,-5,04/11/2021 14:38:56,68194,4,questionnaire-xtqr,,16895962,58b6e912ee12b40001206b86,5000282,,complete,,618436bab1d7ff33099f3dd5,computer,Desktop or Laptop,Windows 10,Chrome 94.0.4606.81,1366x768,1366x625,,Prolific Adult Demographics Questionnaire,3,No,BEGIN QUESTIONNAIRE,
2,1636054808421,04/11/2021 19:40:08,1636054779342,-5,04/11/2021 14:39:39,68194,4,questionnaire-xtqr,,16895962,58b6e912ee12b40001206b86,5000282,,complete,,618436bab1d7ff33099f3dd5,computer,Desktop or Laptop,Windows 10,Chrome 94.0.4606.81,1366x768,1349x625,,Prolific Adult Demographics Questionnaire,3,No,age-month,3
3,1636054808641,04/11/2021 19:40:08,1636054779344,-5,04/11/2021 14:39:39,68194,4,questionnaire-xtqr,,16895962,58b6e912ee12b40001206b86,5000282,,complete,,618436bab1d7ff33099f3dd5,computer,Desktop or Laptop,Windows 10,Chrome 94.0.4606.81,1366x768,1349x625,,Prolific Adult Demographics Questionnaire,3,No,age-year,56
4,1636054808641,04/11/2021 19:40:08,1636054779344,-5,04/11/2021 14:39:39,68194,4,questionnaire-xtqr,,16895962,58b6e912ee12b40001206b86,5000282,,complete,,618436bab1d7ff33099f3dd5,computer,Desktop or Laptop,Windows 10,Chrome 94.0.4606.81,1366x768,1349x625,,Prolific Adult Demographics Questionnaire,3,No,gender,female
5,1636054808641,04/11/2021 19:40:08,1636054779344,-5,04/11/2021 14:39:39,68194,4,questionnaire-xtqr,,16895962,58b6e912ee12b40001206b86,5000282,,complete,,618436bab1d7ff33099f3dd5,computer,Desktop or Laptop,Windows 10,Chrome 94.0.4606.81,1366x768,1349x625,,Prolific Adult Demographics Questionnaire,3,No,ethnicity,Hispanic or Latino
6,1636054808641,04/11/2021 19:40:08,1636054779344,-5,04/11/2021 14:39:39,68194,4,questionnaire-xtqr,,16895962,58b6e912ee12b40001206b86,5000282,,complete,,618436bab1d7ff33099f3dd5,computer,Desktop or Laptop,Windows 10,Chrome 94.0.4606.81,1366x768,1349x625,,Prolific Adult Demographics Questionnaire,3,No,ethnicity-quantised,1
7,1636054808641,04/11/2021 19:40:08,1636054779345,-5,04/11/2021 14:39:39,68194,4,questionnaire-xtqr,,16895962,58b6e912ee12b40001206b86,5000282,,complete,,618436bab1d7ff33099f3dd5,computer,Desktop or Laptop,Windows 10,Chrome 94.0.4606.81,1366x768,1349x625,,Prolific Adult Demographics Questionnaire,3,No,race-5,White
8,1636054808641,04/11/2021 19:40:08,1636054779345,-5,04/11/2021 14:39:39,68194,4,questionnaire-xtqr,,16895962,58b6e912ee12b40001206b86,5000282,,complete,,618436bab1d7ff33099f3dd5,computer,Desktop or Laptop,Windows 10,Chrome 94.0.4606.81,1366x768,1349x625,,Prolific Adult Demographics Questionnaire,3,No,Education Years,4
9,1636054808641,04/11/2021 19:40:08,1636054779346,-5,04/11/2021 14:39:39,68194,4,questionnaire-xtqr,,16895962,58b6e912ee12b40001206b86,5000282,,complete,,618436bab1d7ff33099f3dd5,computer,Desktop or Laptop,Windows 10,Chrome 94.0.4606.81,1366x768,1349x625,,Prolific Adult Demographics Questionnaire,3,No,END QUESTIONNAIRE,43136
1,1636054767523,04/11/2021 19:39:27,1636054768671,-4,04/11/2021 15:39:28,68194,4,questionnaire-xtqr,,16895964,616b4d19eabbb2dd9f5a27fa,5000283,,complete,,618436d3fe6af27a3730ff7d,computer,Desktop or Laptop,Windows 10,Edge 95.0.1020.40,1280x720,1280x609,,Prolific Adult Demographics Questionnaire,3,No,BEGIN QUESTIONNAIRE,
2,1636054793648,04/11/2021 19:39:53,1636054794820,-4,04/11/2021 15:39:54,68194,4,questionnaire-xtqr,,16895964,616b4d19eabbb2dd9f5a27fa,5000283,,complete,,618436d3fe6af27a3730ff7d,computer,Desktop or Laptop,Windows 10,Edge 95.0.1020.40,1280x720,1263x609,,Prolific Adult Demographics Questionnaire,3,No,age-month,9
3,1636054793804,04/11/2021 19:39:53,1636054794822,-4,04/11/2021 15:39:54,68194,4,questionnaire-xtqr,,16895964,616b4d19eabbb2dd9f5a27fa,5000283,,complete,,618436d3fe6af27a3730ff7d,computer,Desktop or Laptop,Windows 10,Edge 95.0.1020.40,1280x720,1263x609,,Prolific Adult Demographics Questionnaire,3,No,age-year,18
4,1636054793804,04/11/2021 19:39:53,1636054794823,-4,04/11/2021 15:39:54,68194,4,questionnaire-xtqr,,16895964,616b4d19eabbb2dd9f5a27fa,5000283,,complete,,618436d3fe6af27a3730ff7d,computer,Desktop or Laptop,Windows 10,Edge 95.0.1020.40,1280x720,1263x609,,Prolific Adult Demographics Questionnaire,3,No,gender,female
5,1636054793804,04/11/2021 19:39:53,1636054794823,-4,04/11/2021 15:39:54,68194,4,questionnaire-xtqr,,16895964,616b4d19eabbb2dd9f5a27fa,5000283,,complete,,618436d3fe6af27a3730ff7d,computer,Desktop or Laptop,Windows 10,Edge 95.0.1020.40,1280x720,1263x609,,Prolific Adult Demographics Questionnaire,3,No,ethnicity,Not Hispanic or Latino
6,1636054793804,04/11/2021 19:39:53,1636054794823,-4,04/11/2021 15:39:54,68194,4,questionnaire-xtqr,,16895964,616b4d19eabbb2dd9f5a27fa,5000283,,complete,,618436d3fe6af27a3730ff7d,computer,Desktop or Laptop,Windows 10,Edge 95.0.1020.40,1280x720,1263x609,,Prolific Adult Demographics Questionnaire,3,No,ethnicity-quantised,2
7,1636054793804,04/11/2021 19:39:53,1636054794823,-4,04/11/2021 15:39:54,68194,4,questionnaire-xtqr,,16895964,616b4d19eabbb2dd9f5a27fa,5000283,,complete,,618436d3fe6af27a3730ff7d,computer,Desktop or Laptop,Windows 10,Edge 95.0.1020.40,1280x720,1263x609,,Prolific Adult Demographics Questionnaire,3,No,race-5,White
8,1636054793804,04/11/2021 19:39:53,1636054794823,-4,04/11/2021 15:39:54,68194,4,questionnaire-xtqr,,16895964,616b4d19eabbb2dd9f5a27fa,5000283,,complete,,618436d3fe6af27a3730ff7d,computer,Desktop or Laptop,Windows 10,Edge 95.0.1020.40,1280x720,1263x609,,Prolific Adult Demographics Questionnaire,3,No,Education Years,12
9,1636054793804,04/11/2021 19:39:53,1636054794824,-4,04/11/2021 15:39:54,68194,4,questionnaire-xtqr,,16895964,616b4d19eabbb2dd9f5a27fa,5000283,,complete,,618436d3fe6af27a3730ff7d,computer,Desktop or Laptop,Windows 10,Edge 95.0.1020.40,1280x720,1263x609,,Prolific Adult Demographics Questionnaire,3,No,END QUESTIONNAIRE,26153
1,1636055360182,04/11/2021 19:49:20,1636055359831,-5,04/11/2021 14:49:19,68194,4,questionnaire-xtqr,,16896182,6171a7253f053b06b29642f2,5000361,,complete,,618438d1bc2f6fe6846a42e6,computer,Desktop or Laptop,Windows 10,Chrome 95.0.4638.54,1920x1080,1920x880,,Prolific Adult Demographics Questionnaire,3,No,BEGIN QUESTIONNAIRE,
2,1636055688494,04/11/2021 19:54:48,1636055687806,-5,04/11/2021 14:54:47,68194,4,questionnaire-xtqr,,16896182,6171a7253f053b06b29642f2,5000361,,complete,,618438d1bc2f6fe6846a42e6,computer,Desktop or Laptop,Windows 10,Chrome 95.0.4638.54,1920x1080,1920x880,,Prolific Adult Demographics Questionnaire,3,No,age-month,0
3,1636055688689,04/11/2021 19:54:48,1636055687807,-5,04/11/2021 14:54:47,68194,4,questionnaire-xtqr,,16896182,6171a7253f053b06b29642f2,5000361,,complete,,618438d1bc2f6fe6846a42e6,computer,Desktop or Laptop,Windows 10,Chrome 95.0.4638.54,1920x1080,1920x880,,Prolific Adult Demographics Questionnaire,3,No,age-year,26
4,1636055688689,04/11/2021 19:54:48,1636055687807,-5,04/11/2021 14:54:47,68194,4,questionnaire-xtqr,,16896182,6171a7253f053b06b29642f2,5000361,,complete,,618438d1bc2f6fe6846a42e6,computer,Desktop or Laptop,Windows 10,Chrome 95.0.4638.54,1920x1080,1920x880,,Prolific Adult Demographics Questionnaire,3,No,gender,male
5,1636055688689,04/11/2021 19:54:48,1636055687807,-5,04/11/2021 14:54:47,68194,4,questionnaire-xtqr,,16896182,6171a7253f053b06b29642f2,5000361,,complete,,618438d1bc2f6fe6846a42e6,computer,Desktop or Laptop,Windows 10,Chrome 95.0.4638.54,1920x1080,1920x880,,Prolific Adult Demographics Questionnaire,3,No,ethnicity,Not Hispanic or Latino
6,1636055688689,04/11/2021 19:54:48,1636055687808,-5,04/11/2021 14:54:47,68194,4,questionnaire-xtqr,,16896182,6171a7253f053b06b29642f2,5000361,,complete,,618438d1bc2f6fe6846a42e6,computer,Desktop or Laptop,Windows 10,Chrome 95.0.4638.54,1920x1080,1920x880,,Prolific Adult Demographics Questionnaire,3,No,ethnicity-quantised,2
7,1636055688689,04/11/2021 19:54:48,1636055687808,-5,04/11/2021 14:54:47,68194,4,questionnaire-xtqr,,16896182,6171a7253f053b06b29642f2,5000361,,complete,,618438d1bc2f6fe6846a42e6,computer,Desktop or Laptop,Windows 10,Chrome 95.0.4638.54,1920x1080,1920x880,,Prolific Adult Demographics Questionnaire,3,No,race-4,Black or African American
8,1636055688689,04/11/2021 19:54:48,1636055687808,-5,04/11/2021 14:54:47,68194,4,questionnaire-xtqr,,16896182,6171a7253f053b06b29642f2,5000361,,complete,,618438d1bc2f6fe6846a42e6,computer,Desktop or Laptop,Windows 10,Chrome 95.0.4638.54,1920x1080,1920x880,,Prolific Adult Demographics Questionnaire,3,No,Education Years,20
9,1636055688689,04/11/2021 19:54:48,1636055687808,-5,04/11/2021 14:54:47,68194,4,questionnaire-xtqr,,16896182,6171a7253f053b06b29642f2,5000361,,complete,,618438d1bc2f6fe6846a42e6,computer,Desktop or Laptop,Windows 10,Chrome 95.0.4638.54,1920x1080,1920x880,,Prolific Adult Demographics Questionnaire,3,No,END QUESTIONNAIRE,327977
1,1636060348527,04/11/2021 21:12:28,1636060347761,-4,04/11/2021 17:12:27,68194,4,questionnaire-xtqr,,16897631,613b90589da40a5f42ad01b7,5000822,,complete,,61844c9719f267fb3b0cd2b4,computer,Desktop or Laptop,Chromium OS 14150.64.0,Chrome 94.0.4606.104,1366x768,1366x665,,Prolific Adult Demographics Questionnaire,3,No,BEGIN QUESTIONNAIRE,
2,1636060380305,04/11/2021 21:13:00,1636060379557,-4,04/11/2021 17:12:59,68194,4,questionnaire-xtqr,,16897631,613b90589da40a5f42ad01b7,5000822,,complete,,61844c9719f267fb3b0cd2b4,computer,Desktop or Laptop,Chromium OS 14150.64.0,Chrome 94.0.4606.104,1366x768,1366x665,,Prolific Adult Demographics Questionnaire,3,No,age-month,8
3,1636060380603,04/11/2021 21:13:00,1636060379559,-4,04/11/2021 17:12:59,68194,4,questionnaire-xtqr,,16897631,613b90589da40a5f42ad01b7,5000822,,complete,,61844c9719f267fb3b0cd2b4,computer,Desktop or Laptop,Chromium OS 14150.64.0,Chrome 94.0.4606.104,1366x768,1366x665,,Prolific Adult Demographics Questionnaire,3,No,age-year,35
4,1636060380603,04/11/2021 21:13:00,1636060379559,-4,04/11/2021 17:12:59,68194,4,questionnaire-xtqr,,16897631,613b90589da40a5f42ad01b7,5000822,,complete,,61844c9719f267fb3b0cd2b4,computer,Desktop or Laptop,Chromium OS 14150.64.0,Chrome 94.0.4606.104,1366x768,1366x665,,Prolific Adult Demographics Questionnaire,3,No,gender,female
5,1636060380603,04/11/2021 21:13:00,1636060379559,-4,04/11/2021 17:12:59,68194,4,questionnaire-xtqr,,16897631,613b90589da40a5f42ad01b7,5000822,,complete,,61844c9719f267fb3b0cd2b4,computer,Desktop or Laptop,Chromium OS 14150.64.0,Chrome 94.0.4606.104,1366x768,1366x665,,Prolific Adult Demographics Questionnaire,3,No,ethnicity,Not Hispanic or Latino
6,1636060380603,04/11/2021 21:13:00,1636060379559,-4,04/11/2021 17:12:59,68194,4,questionnaire-xtqr,,16897631,613b90589da40a5f42ad01b7,5000822,,complete,,61844c9719f267fb3b0cd2b4,computer,Desktop or Laptop,Chromium OS 14150.64.0,Chrome 94.0.4606.104,1366x768,1366x665,,Prolific Adult Demographics Questionnaire,3,No,ethnicity-quantised,2
7,1636060380603,04/11/2021 21:13:00,1636060379560,-4,04/11/2021 17:12:59,68194,4,questionnaire-xtqr,,16897631,613b90589da40a5f42ad01b7,5000822,,complete,,61844c9719f267fb3b0cd2b4,computer,Desktop or Laptop,Chromium OS 14150.64.0,Chrome 94.0.4606.104,1366x768,1366x665,,Prolific Adult Demographics Questionnaire,3,No,race-5,White
8,1636060380603,04/11/2021 21:13:00,1636060379561,-4,04/11/2021 17:12:59,68194,4,questionnaire-xtqr,,16897631,613b90589da40a5f42ad01b7,5000822,,complete,,61844c9719f267fb3b0cd2b4,computer,Desktop or Laptop,Chromium OS 14150.64.0,Chrome 94.0.4606.104,1366x768,1366x665,,Prolific Adult Demographics Questionnaire,3,No,Education Years,14
9,1636060380603,04/11/2021 21:13:00,1636060379562,-4,04/11/2021 17:12:59,68194,4,questionnaire-xtqr,,16897631,613b90589da40a5f42ad01b7,5000822,,complete,,61844c9719f267fb3b0cd2b4,computer,Desktop or Laptop,Chromium OS 14150.64.0,Chrome 94.0.4606.104,1366x768,1366x665,,Prolific Adult Demographics Questionnaire,3,No,END QUESTIONNAIRE,31801
1,1636061139644,04/11/2021 21:25:39,1636061141145,-4,04/11/2021 17:25:41,68194,4,questionnaire-xtqr,,16897809,5f7c8bc3cfe7430cab08f285,5000892,,complete,,61844efe8e0a293a768e6d33,computer,Desktop or Laptop,Windows 10,Chrome 93.0.4577.82,1920x1080,1920x969,,Prolific Adult Demographics Questionnaire,3,No,BEGIN QUESTIONNAIRE,
2,1636061166006,04/11/2021 21:26:06,1636061167542,-4,04/11/2021 17:26:07,68194,4,questionnaire-xtqr,,16897809,5f7c8bc3cfe7430cab08f285,5000892,,complete,,61844efe8e0a293a768e6d33,computer,Desktop or Laptop,Windows 10,Chrome 93.0.4577.82,1920x1080,1920x969,,Prolific Adult Demographics Questionnaire,3,No,age-month,4
3,1636061166174,04/11/2021 21:26:06,1636061167545,-4,04/11/2021 17:26:07,68194,4,questionnaire-xtqr,,16897809,5f7c8bc3cfe7430cab08f285,5000892,,complete,,61844efe8e0a293a768e6d33,computer,Desktop or Laptop,Windows 10,Chrome 93.0.4577.82,1920x1080,1920x969,,Prolific Adult Demographics Questionnaire,3,No,age-year,27
4,1636061166174,04/11/2021 21:26:06,1636061167545,-4,04/11/2021 17:26:07,68194,4,questionnaire-xtqr,,16897809,5f7c8bc3cfe7430cab08f285,5000892,,complete,,61844efe8e0a293a768e6d33,computer,Desktop or Laptop,Windows 10,Chrome 93.0.4577.82,1920x1080,1920x969,,Prolific Adult Demographics Questionnaire,3,No,gender,Male
5,1636061166174,04/11/2021 21:26:06,1636061167545,-4,04/11/2021 17:26:07,68194,4,questionnaire-xtqr,,16897809,5f7c8bc3cfe7430cab08f285,5000892,,complete,,61844efe8e0a293a768e6d33,computer,Desktop or Laptop,Windows 10,Chrome 93.0.4577.82,1920x1080,1920x969,,Prolific Adult Demographics Questionnaire,3,No,ethnicity,Not Hispanic or Latino
6,1636061166174,04/11/2021 21:26:06,1636061167545,-4,04/11/2021 17:26:07,68194,4,questionnaire-xtqr,,16897809,5f7c8bc3cfe7430cab08f285,5000892,,complete,,61844efe8e0a293a768e6d33,computer,Desktop or Laptop,Windows 10,Chrome 93.0.4577.82,1920x1080,1920x969,,Prolific Adult Demographics Questionnaire,3,No,ethnicity-quantised,2
7,1636061166174,04/11/2021 21:26:06,1636061167545,-4,04/11/2021 17:26:07,68194,4,questionnaire-xtqr,,16897809,5f7c8bc3cfe7430cab08f285,5000892,,complete,,61844efe8e0a293a768e6d33,computer,Desktop or Laptop,Windows 10,Chrome 93.0.4577.82,1920x1080,1920x969,,Prolific Adult Demographics Questionnaire,3,No,race-5,White
8,1636061166174,04/11/2021 21:26:06,1636061167545,-4,04/11/2021 17:26:07,68194,4,questionnaire-xtqr,,16897809,5f7c8bc3cfe7430cab08f285,5000892,,complete,,61844efe8e0a293a768e6d33,computer,Desktop or Laptop,Windows 10,Chrome 93.0.4577.82,1920x1080,1920x969,,Prolific Adult Demographics Questionnaire,3,No,Education Years,18
9,1636061166174,04/11/2021 21:26:06,1636061167546,-4,04/11/2021 17:26:07,68194,4,questionnaire-xtqr,,16897809,5f7c8bc3cfe7430cab08f285,5000892,,complete,,61844efe8e0a293a768e6d33,computer,Desktop or Laptop,Windows 10,Chrome 93.0.4577.82,1920x1080,1920x969,,Prolific Adult Demographics Questionnaire,3,No,END QUESTIONNAIRE,26401
1,1636061880215,04/11/2021 21:38:00,1636061880049,-6,04/11/2021 15:38:00,68194,4,questionnaire-xtqr,,16897992,61071a16a16c59f3d4cdb312,5000968,,complete,,6184528cffb42db4717ead34,computer,Desktop or Laptop,Mac OS 10.15.7,Chrome 94.0.4606.81,1440x900,1440x693,,Prolific Adult Demographics Questionnaire,3,No,BEGIN QUESTIONNAIRE,
2,1636061900016,04/11/2021 21:38:20,1636061899855,-6,04/11/2021 15:38:19,68194,4,questionnaire-xtqr,,16897992,61071a16a16c59f3d4cdb312,5000968,,complete,,6184528cffb42db4717ead34,computer,Desktop or Laptop,Mac OS 10.15.7,Chrome 94.0.4606.81,1440x900,1440x693,,Prolific Adult Demographics Questionnaire,3,No,age-month,4
3,1636061900188,04/11/2021 21:38:20,1636061899857,-6,04/11/2021 15:38:19,68194,4,questionnaire-xtqr,,16897992,61071a16a16c59f3d4cdb312,5000968,,complete,,6184528cffb42db4717ead34,computer,Desktop or Laptop,Mac OS 10.15.7,Chrome 94.0.4606.81,1440x900,1440x693,,Prolific Adult Demographics Questionnaire,3,No,age-year,24
4,1636061900188,04/11/2021 21:38:20,1636061899857,-6,04/11/2021 15:38:19,68194,4,questionnaire-xtqr,,16897992,61071a16a16c59f3d4cdb312,5000968,,complete,,6184528cffb42db4717ead34,computer,Desktop or Laptop,Mac OS 10.15.7,Chrome 94.0.4606.81,1440x900,1440x693,,Prolific Adult Demographics Questionnaire,3,No,gender,nonbinary afab
5,1636061900188,04/11/2021 21:38:20,1636061899857,-6,04/11/2021 15:38:19,68194,4,questionnaire-xtqr,,16897992,61071a16a16c59f3d4cdb312,5000968,,complete,,6184528cffb42db4717ead34,computer,Desktop or Laptop,Mac OS 10.15.7,Chrome 94.0.4606.81,1440x900,1440x693,,Prolific Adult Demographics Questionnaire,3,No,ethnicity,Not Hispanic or Latino
6,1636061900188,04/11/2021 21:38:20,1636061899857,-6,04/11/2021 15:38:19,68194,4,questionnaire-xtqr,,16897992,61071a16a16c59f3d4cdb312,5000968,,complete,,6184528cffb42db4717ead34,computer,Desktop or Laptop,Mac OS 10.15.7,Chrome 94.0.4606.81,1440x900,1440x693,,Prolific Adult Demographics Questionnaire,3,No,ethnicity-quantised,2
7,1636061900188,04/11/2021 21:38:20,1636061899857,-6,04/11/2021 15:38:19,68194,4,questionnaire-xtqr,,16897992,61071a16a16c59f3d4cdb312,5000968,,complete,,6184528cffb42db4717ead34,computer,Desktop or Laptop,Mac OS 10.15.7,Chrome 94.0.4606.81,1440x900,1440x693,,Prolific Adult Demographics Questionnaire,3,No,race-5,White
8,1636061900188,04/11/2021 21:38:20,1636061899857,-6,04/11/2021 15:38:19,68194,4,questionnaire-xtqr,,16897992,61071a16a16c59f3d4cdb312,5000968,,complete,,6184528cffb42db4717ead34,computer,Desktop or Laptop,Mac OS 10.15.7,Chrome 94.0.4606.81,1440x900,1440x693,,Prolific Adult Demographics Questionnaire,3,No,Education Years,12
9,1636061900188,04/11/2021 21:38:20,1636061899857,-6,04/11/2021 15:38:19,68194,4,questionnaire-xtqr,,16897992,61071a16a16c59f3d4cdb312,5000968,,complete,,6184528cffb42db4717ead34,computer,Desktop or Laptop,Mac OS 10.15.7,Chrome 94.0.4606.81,1440x900,1440x693,,Prolific Adult Demographics Questionnaire,3,No,END QUESTIONNAIRE,19808
1,1636062458742,04/11/2021 21:47:38,1636062458540,-4,04/11/2021 17:47:38,68194,4,questionnaire-xtqr,,16898148,6047d5d6fb17c206b9bb7ab2,5001014,,complete,,618454d10a1c0ce774c23f3f,computer,Desktop or Laptop,Mac OS 10.15,Firefox 92.0,1440x900,1440x734,,Prolific Adult Demographics Questionnaire,3,No,BEGIN QUESTIONNAIRE,
2,1636062477481,04/11/2021 21:47:57,1636062477359,-4,04/11/2021 17:47:57,68194,4,questionnaire-xtqr,,16898148,6047d5d6fb17c206b9bb7ab2,5001014,,complete,,618454d10a1c0ce774c23f3f,computer,Desktop or Laptop,Mac OS 10.15,Firefox 92.0,1440x900,1440x734,,Prolific Adult Demographics Questionnaire,3,No,age-month,4
3,1636062477637,04/11/2021 21:47:57,1636062477360,-4,04/11/2021 17:47:57,68194,4,questionnaire-xtqr,,16898148,6047d5d6fb17c206b9bb7ab2,5001014,,complete,,618454d10a1c0ce774c23f3f,computer,Desktop or Laptop,Mac OS 10.15,Firefox 92.0,1440x900,1440x734,,Prolific Adult Demographics Questionnaire,3,No,age-year,20
4,1636062477637,04/11/2021 21:47:57,1636062477360,-4,04/11/2021 17:47:57,68194,4,questionnaire-xtqr,,16898148,6047d5d6fb17c206b9bb7ab2,5001014,,complete,,618454d10a1c0ce774c23f3f,computer,Desktop or Laptop,Mac OS 10.15,Firefox 92.0,1440x900,1440x734,,Prolific Adult Demographics Questionnaire,3,No,gender,Bigender
5,1636062477637,04/11/2021 21:47:57,1636062477361,-4,04/11/2021 17:47:57,68194,4,questionnaire-xtqr,,16898148,6047d5d6fb17c206b9bb7ab2,5001014,,complete,,618454d10a1c0ce774c23f3f,computer,Desktop or Laptop,Mac OS 10.15,Firefox 92.0,1440x900,1440x734,,Prolific Adult Demographics Questionnaire,3,No,ethnicity,Not Hispanic or Latino
6,1636062477637,04/11/2021 21:47:57,1636062477361,-4,04/11/2021 17:47:57,68194,4,questionnaire-xtqr,,16898148,6047d5d6fb17c206b9bb7ab2,5001014,,complete,,618454d10a1c0ce774c23f3f,computer,Desktop or Laptop,Mac OS 10.15,Firefox 92.0,1440x900,1440x734,,Prolific Adult Demographics Questionnaire,3,No,ethnicity-quantised,2
7,1636062477637,04/11/2021 21:47:57,1636062477361,-4,04/11/2021 17:47:57,68194,4,questionnaire-xtqr,,16898148,6047d5d6fb17c206b9bb7ab2,5001014,,complete,,618454d10a1c0ce774c23f3f,computer,Desktop or Laptop,Mac OS 10.15,Firefox 92.0,1440x900,1440x734,,Prolific Adult Demographics Questionnaire,3,No,race-5,White
8,1636062477637,04/11/2021 21:47:57,1636062477361,-4,04/11/2021 17:47:57,68194,4,questionnaire-xtqr,,16898148,6047d5d6fb17c206b9bb7ab2,5001014,,complete,,618454d10a1c0ce774c23f3f,computer,Desktop or Laptop,Mac OS 10.15,Firefox 92.0,1440x900,1440x734,,Prolific Adult Demographics Questionnaire,3,No,Education Years,15
9,1636062477637,04/11/2021 21:47:57,1636062477361,-4,04/11/2021 17:47:57,68194,4,questionnaire-xtqr,,16898148,6047d5d6fb17c206b9bb7ab2,5001014,,complete,,618454d10a1c0ce774c23f3f,computer,Desktop or Laptop,Mac OS 10.15,Firefox 92.0,1440x900,1440x734,,Prolific Adult Demographics Questionnaire,3,No,END QUESTIONNAIRE,18821
END OF FILE
