Scene Title ,Segment Number,Start Time 2,Start Time (s) , End Time (s) ,Start TR,Camera cut,"Segment Details - dialogue, movement",Scene Details - setting,Space,Name - All,Name - Focus,Speaking,Location,Camera Angle,Words on Screen ,Music Presence ,Arousal,Valence,Temporal Relationship ,Type of Jump,,,,,
Gru tries to put the children to bed,1,0,0:00,0:03,0,1,"Gru enters room, wanting all the girls to go to bed; girls are hyper and running around ",Gru tries to get the girls to go to bed,Indoor,"Gru, Edith, Margo, Agnes",Gru,"Gru: ""Come on now, it's bedtime.""; Girls: cheering & giggling",Bedroom,long,no,yes,4,+,,,,,,,
,2,4,0:04,0:08,5,2,Gru asks if the girls brushed their teeth,,Indoor,"Gru, Agnes, Edith","Gru, Agnes","Gru: ""Did you brush your teeth? You did not!"" ",Bedroom,short,no,yes,4,+,,,,,,,
,3,9,0:09,0:11,11,3,"Edith enters frame, showcasing how hyperactive Edith & Agnes are; Margo runs across frame",,Indoor,"Gru, Agnes, Edith",Gru,"Gru: ""Put on your pjs! Hold still!""",Bedroom,long,no,yes,4,+,,,,,,,
,4,12,0:12,0:19,15,4,Gru brings Edith to her bed,,Indoor,"Gru, Agnes, Edith, Margo","Gru, Edith","Gru: ""Ok seriously? Seriously! This is bedtime. Right now. I'm not kidding around. I mean it."" Edith: ""But we're not tired!"" Gru: ""Well I am tired""",Bedroom,medium,no,yes,4,+,,,,,,,
,5,20,0:20,0:23,25,5,Agnes asks for bedtime story,,Indoor,Agnes,Agnes,"Agnes: ""Will you read us a bedtime story?""",Bedroom,medium,no,yes,3,+,,,,,,,
,6,23,0:23,0:23,29,6,Gru looks disdainful,,Indoor,Gru,Gru,N/A,Bedroom,short,no,yes,2,+,,,,,,,
,7,24,0:24,0:25,30,7,"Agnes uses ""puppy eyes"" to try to convince Gru to tell a bedtime story",Agnes asks for a bedtime story,Indoor,Agnes,Agnes,N/A,Bedroom,short,no,no,2,+,,,,,,,
,8,26,0:26,0:27,33,8,Gru declines and exits the room,,Indoor,Gru,Gru,"Gru: ""No.""",Bedroom,short,no,no,2,+,,,,,,,
,9,28,0:28,0:29,35,9,Agnes asks for a bedtime story again,,Indoor,Agnes,Agnes,"Agnes: ""Pretty please?""",Bedroom,short,no,no,2,+,,,,,,,
,10,30,0:30,0:33,38,10,Gru declines; Edith gets out of her bed,,Indoor,"Gru, Agnes, Edith, Margo",Gru,"Gru: ""The physical appearance of the 'please' makes no difference. ",Bedroom,long,no,no,3,+,,,,,,,
,11,33,0:33,0:37,41,11,Edith argues for why they should be told a story,,Indoor,"Gru, Edith, Margo, Agnes","Gru, Edith","Gru: ""It is still no, so go to sleep."" Edith: ""But we can't! We're all hyper!"" ",Bedroom,short,no,yes,3,+,,,,,,,
,12,38,0:38,0:43,48,12,Margo argues for why they should be told a story,,Indoor,"Margo, Agnes, Gru",Margo,"Margo: ""And without a bedtime story, we'll just keep bugging you. All night long.""",Bedroom,medium,no,yes,3,+,,,,,,,
,13,44,0:44,0:45,55,13,Gru agrees to tell a bedtime story,Gru agrees to tell a bedtime story,Indoor,Gru,Gru,"Gru sighs: ""Ah, fine.""",Bedroom,short,no,yes,3,+,,,,,,,
,14,46,0:46,0:48,58,14,Gru walks back into the room (transition),,Indoor,"Gru, Edith, Margo, Agnes",Gru,N/A,Bedroom,medium,no,yes,2,+,,,,,,,
,15,49,0:49,0:52,61,14,"Gru opens the book and introduces the book as ""Sleepy Kittens""",,Indoor,"Gru, Edith, Margo, Agnes",Gru,"Gru: ""Alright, 'Sleepy Kittens'. Sleepy Kittens?""",Bedroom,medium,no,yes,3,+,,,,,,,
,16,53,0:53,0:53,66,15,Gru asks what the puppets are,,Indoor,N/A,N/A,"Gru: ""What are these?""",Bedroom,short,yes,yes,3,+,,,,,,,
,17,54,0:54,0:57,68,16,Agnes tells Gru that the puppets are used to tell the story,,Indoor,"Gru, Agnes","Agnes, Gru","Agnes: ""Puppet! You use them when you tell the story."" ",Bedroom,short,no,yes,3,+,,,,,,,
,18,58,0:58,1:01,73,16,Gru puts his fingers through the puppets,,Indoor,"Gru, Agnes",Gru,N/A,Bedroom,short,no,yes,3,+,,,,,,,
,19,62,1:02,1:03,78,17,Gru wiggles the finger puppets,,Indoor,N/A,N/A,N/A,Bedroom,short,no,yes,3,+,,,,,,,
,20,64,1:04,1:06,80,18,Gru expresses his exasperation with the book,,Indoor,"Gru, Agnes",Gru,"Gru: ""Ok, let's get this over with.""",Bedroom,short,no,yes,3,+,,,,,,,
,21,67,1:07,1:11,84,19,First page read out loud,Gru starts reading bedtime story,Indoor,N/A,N/A,"Gru: ""3 little kittens loved to play. They had fun in the sun all day.""",Bedroom,short,yes,yes,3,+,,,,,,,
,22,72,1:12,1:15,90,19,Second page read out loud,,Indoor,N/A,N/A,"Gru: ""Then their mother came out and said, 'Time for kittens to go to bed'.""",Bedroom,short,yes,yes,3,+,,,,,,,
,23,76,1:16,1:19,95,20,Gru expresses dislike for the book,,Indoor,"Gru, Edith, Margo, Agnes",Gru,"Gru: ""Wow, this is garbage. You actually like this?"" ",Bedroom,medium,no,yes,3,+,,,,,,,
,24,80,1:20,1:24,100,20,The kids tell Gru to keep reading,,Indoor,"Gru, Edith, Margo, Agnes","Gru, Edith, Agnes","Agnes: ""Keep reading!"" Gru: ""Ugh."" Edith: ""Come on!"" Gru: ""Alright, alright, alright."" ",Bedroom,medium,no,yes,3,+,,,,,,,
,25,85,1:25,1:27,106,21,Gru begins reading again,,Indoor,N/A,N/A,"Gru: ""3 little kittens started to bawl,""",Bedroom,short,yes,yes,3,+,,,,,,,
,26,88,1:28,1:31,110,22,Gru continues reading,,Indoor,"Gru, Agnes",Gru,"Gru: ""Mommy, we're not tired at all. Their mother smiled and said with a purr,""",Bedroom,short,no,yes,3,+,,,,,,,
,27,92,1:32,1:35,115,23,Gru continues reading,,Indoor,N/A,N/A,"Gru: ""Fine, but at least you should brush your fur.""",Bedroom,short,yes,yes,2,+,,,,,,,
,28,96,1:36,1:38,120,24,Edith tells Gru to brush the fur,,Indoor,"Gru, Edith","Gru, Edith","Edith: ""Now you brush the fur.""",Bedroom,short,no,yes,3,+,,,,,,,
,29,99,1:39,1:41,124,24,Gru brushes the puppets,,Indoor,"Gru, Edith","Gru, Edith",N/A,Bedroom,short,no,yes,3,+,,,,,,,
,30,102,1:42,1:45,128,24,Gru expresses his dislike one more time,,Indoor,"Gru, Edith","Gru, Edith","Gru: ""This is literature? A 2 year old could have written this. Alright.""",Bedroom,short,no,yes,3,+,,,,,,,
,31,106,1:46,1:58,133,25,Gru continues reading,,Indoor,"Gru, Edith, Margo, Agnes",Gru,"Gru: ""3 little kittens with fur all brushes, 'We can't sleep, we feel too rushed!"" Their mother replied with a voice like silk, 'Fine, but you should drink your milk'."" ",Bedroom,medium,no,yes,2,+,,,,,,,
,32,119,1:59,2:01,149,26,Agnes tells Gru to make the puppets to drink the milk,,Indoor,"Gru, Agnes","Gru, Agnes","Agnes: ""Now make them drink the milk.""",Bedroom,short,no,yes,2,+,,,,,,,
,33,122,2:02,2:04,153,27,"Gru makes the puppets dip to drink the ""milk"" from the book",,Indoor,N/A,N/A,N/A,Bedroom,short,yes,yes,2,+,,,,,,,
,34,125,2:05,2:09,156,28,Gru expresses his dislike for the book again,,Indoor,"Gru, Edith, Margo, Agnes",Gru,"Gru: ""Ugh, I don't like this book. This is going on forever."" ",Bedroom,medium,no,yes,2,+,,,,,,,
,35,130,2:10,2:14,163,28,Gru continues reading,,Indoor,"Gru, Edith, Margo, Agnes",Gru,"Gru: ""3 little kittens, with milk all gone, rubbed their eyes and started to yawn.""",Bedroom,medium,no,yes,2,+,,,,,,,
,36,135,2:15,2:21,169,28,Everyone yawns in succession,,Indoor,"Gru, Edith, Margo, Agnes","Gru, Edith, Margo, Agnes",N/A,Bedroom,medium,no,yes,1,+,,,,,,,
,37,142,2:22,2:27,178,28,Gru continues reading,,Indoor,"Gru, Edith, Margo, Agnes",Gru,"Gru: ""We can't sleep! We can't even try. Then theirm other sang a lullaby.""",Bedroom,medium,no,yes,1,+,,,,,,,
,38,148,2:28,2:38,185,29,Gru continues reading,,Indoor,"Gru, Edith, Margo, Agnes",Gru,"Gru: ""Good night kittens, close your eyes, sleep in peace until you rise. Though while you sleep, we are apart. Your mommy...""",Bedroom,short,no,yes,1,+,,,,,,,
,39,159,2:39,2:45,199,29,"Gru says ""Your mommy loves you with all her heart""",,Indoor,"Gru, Edith, Margo, Agnes",Gru,"Gru: ""...loves you with all her heart.""",Bedroom,short,no,yes,2,+,,,,,,,
,40,166,2:46,2:50,208,30,"Gru snaps the book closed and exits frame; Agnes tells him to ""wait""",Gru refuses to give the girls kisses and leaves the room,Indoor,"Gru, Edith, Margo, Agnes","Gru, Agnes","Gru: ""The end, ok, good night!"" Agnes: ""Wait!""",Bedroom,medium,no,no,3,-,,,,,,,
,41,170,2:50,2:51,213,31,"Gru responds ""What?"" to Agnes's cry to wait",,Indoor,"Gru, Edith, Margo, Agnes",Gru,"Gru: ""What?""",Bedroom,long,no,no,3,-,,,,,,,
,42,172,2:52,2:53,215,32,Agnes asks for good-night kisses,,Indoor,Agnes,Agnes,"Agnes: ""What about goodnight kisses?""",Bedroom,short,no,no,3,-,,,,,,,
,43,174,2:54,2:56,218,33,Gru refuses to kiss the girls and begins exiting the room,,Indoor,"Gru, Edith, Margo, Agnes",Gru,"Gru: ""No no no...""",Bedroom,medium,no,yes,3,-,,,,,,,
,44,177,2:57,2:59,221,34,"Gru exits, and the door closes",,Indoor,"Gru, Edith, Margo, Agnes",Gru,"Gru: ""There will be no kissing or hugging, or kissing.""",Bedroom,medium,no,yes,3,-,,,,,,,
,45,180,3:00,3:02,225,35,Margo pulls herself into bed,"The girls express dismay over Gru's refusal to give bedtime kisses, but state that they like him before going to bed",Indoor,"Edith, Margo, Agnes",Margo,N/A,Bedroom,medium,no,yes,2,-,,,,,,,
,46,183,3:03,3:05,229,36,"Margo tells Agnes Gru won't kiss them good night, and turns off her bed-light to go to sleep",,Indoor,Margo,Margo,"Margo: ""He's not gonna kiss us goodnight, Agnes."" ",Bedroom,medium,no,yes,2,-,,,,,,,
,47,186,3:06,3:07,233,37,Agnes says she likes Gru,,Indoor,Agnes,Agnes,"Agnes: ""I like him, he's nice.""",Bedroom,short,no,yes,2,+,,,,,,,
,48,188,3:08,3:09,235,38,Edith says she also likes Gru but that he's scary,,Indoor,Edith,Edith,"Edith: ""But scary.""",Bedroom,medium,no,yes,2,+,,,,,,,
,49,190,3:10,3:11,238,39,Agnes says Gru is like Santa,,Indoor,Agnes,Agnes,"Agnes: ""Like Santa!""",Bedroom,medium,no,yes,2,+,,,,,,,
,50,192,3:12,3:14,240,40,Agnes turns off her light and goes to bed,,Indoor,"Edith, Margo, Agnes",Agnes,N/A,Bedroom,long,no,yes,1,+,,,,,,,
Dr. Nefario confronts Gru about his plan to steal the moon,51,195,3:15,3:21,244,41,Gru walks in the corridor,Gru sees that the girls have added themselves to his family tree,Indoor,Gru,Gru,N/A,Corridor,medium,no,yes,1,+,,,,,,,
,52,202,3:22,3:23,253,42,Gru sees his original family tree,,Indoor,N/A,N/A,N/A,Corridor,short,yes,yes,1,+,,,,,,,
,53,204,3:24,3:27,255,42,Gru sees the picture drawn of the girls added to the family tree,,Indoor,N/A,N/A,N/A,Corridor,short,yes,yes,1,+,,,,,,,
,54,208,3:28,3:34,260,43,Dr. Nefario walks up to Gru and tells him their plan is ready to be executed,"Dr. Nefario tells Gru to get rid of girls, as they are distracting him from his plan to steal the moon",Indoor,"Gru, Dr. Nefario",Dr. Nefario,"Dr. Nefario: ""Only 48 hours until the launch! All system are go.""",Corridor,medium,yes,yes,3,-,,,,,,,
,55,215,3:35,3:36,269,44,close up of Gru looking worried,,Indoor,"Gru, Dr. Nefario",Gru,"Gru: ""Uhh""",Corridor,short,yes,yes,3,-,,,,,,,
,56,217,3:37,3:38,271,45,close up of Gru picking up the girls' toys on the floor,,Indoor,N/A,N/A,"Gru: ""About that""",Corridor,short,yes,yes,3,-,,,,,,,
,57,219,3:39,3:42,274,46,Gru asks if they can move heist date,,Indoor,"Gru, Dr. Nefario",Gru,"Gru: ""I was thinking that maybe we could move the date of the heist.""",Corridor,medium,yes,yes,3,-,,,,,,,
,58,223,3:43,3:48,279,46,"Dr. Nefario walks after Gru as he continues picking up after the girls' toys, asking Gru if he wants to move the date because of the girls' recital",,Indoor,"Gru, Dr. Nefario",Dr. Nefario,"Dr. Nefario: ""Please tell me this is not as a result of the girls' dance recital, is it?""",Corridor,medium,yes,yes,3,-,,,,,,,
,59,229,3:49,4:04,286,46,Gru weakly denies Dr. Nefario's suspicion,,Indoor,"Gru, Dr. Nefario",Gru,"Gru: ""No no, no, nooo, the recital, that's stupid. I just think it's kinda weird to do it on a Saturday. I was thinking maybe heist is a Tuesday thing, right?""",Corridor,medium,yes,yes,3,-,,,,,,,
,60,245,4:05,4:12,306,47,Dr. Nefario gets angru and reminds Gru that stealing the moon will give him the chance to acheive his dream of becoming an infamous villain,,Indoor,Dr. Nefario,Dr. Nefario,"Dr. Nefario: ""Gru. You and I have been working on this for years. It's everything we've dreamed of, your chance to make history.""",Corridor,short,no,yes,4,-,,,,,,,
,61,253,4:13,4:16,316,48,Gru frowns,,Indoor,Gru,Gru,"Dr. Nefario: ""Become the man who stole the moon.""",Corridor,short,no,yes,3,-,,,,,,,
,62,257,4:17,4:21,321,49,Dr. Nefario becomes very animated and tells Gru that the girls are distracting him,,Indoor,Dr. Nefario,Dr. Nefario,"Dr. Nefario: ""But these girls are becoming a major distraction! They need to go.""",Corridor,short,no,yes,4,-,,,,,,,
,63,262,4:22,4:26,328,50,"Dr. Nefario says that Gru has to make the girls leave, or he'll do something instead",,Indoor,"Gru, Dr. Nefario",Dr. Nefario,"Dr. Nefario: ""If you don't do something about it, then I will.""",Corridor,medium,yes,yes,4,-,,,,,,,
,64,267,4:27,4:28,334,51,Gru says he understands,Gru agrees to do something about the girls,Indoor,"Gru, Dr. Nefario",Gru,"Gru: ""I understand.""",Corridor,medium,no,yes,3,-,,,,,,,
,65,269,4:29,4:31,336,51,Gru turns to leave,,Indoor,"Gru, Dr. Nefario",Gru,N/A,Corridor,medium,no,yes,3,-,,,,,,,
,66,272,4:32,4:34,340,52,"Dr. Nefario says ""good""",,Indoor,Dr. Nefario,Dr. Nefario,"Dr. Nefario: ""Good.""",Corridor,long,no,yes,4,-,,,,,,,
Introduction of Minions,67,275,4:35,4:38,344,53,Minions stand in front of a printer ,Introduction of the Minions,Indoor,"Stuart, Kevin, 3rd unidentifiable minion","Stuart, Kevin","Kevin laughs, ""Butt.""",Lair,medium,no,no,3,+,,,,,,,
,68,279,4:39,4:43,349,53,"Something is printed out, and the minions start laughing",,Indoor,"Stuart, Kevin, 3rd unidentifiable minion","Stuart, Kevin","Kevin laughs, ""Butt."" Stuart laughs.",Lair,medium,no,no,3,+,,,,,,,
,69,284,4:44,4:47,355,54,Minions are all laughing at something printed out,,Indoor,"Stuart, Kevin, Bob","Stuart, Kevin, Bob",Everyone laughs,Lair,long,no,no,3,+,,,,,,,
,70,288,4:48,4:50,360,54,Increased laughter ,,Indoor,"Stuart, Kevin, Bob","Stuart, Kevin, Bob",Everyone laughs,Lair,long,no,yes,4,+,,,,,,,
,71,290,4:50,4:54,363,55,"A machine pins one of the papers, showing that the paper was a picture of a butt",,Indoor,"Stuart, Kevin, Bob","Stuart, Kevin, Bob",N/A,Lair,long,no,yes,4,+,,,,,,,
,72,295,4:55,4:57,369,55,"3 minions start laughing again, breaking the tension",,Indoor,"Stuart, Kevin, Bob",Stuart,"Stuart: ""Eh, eh, eh? Pfft, butt."" Everyone laughs. ",Lair,long,no,yes,3,+,,,,,,,
Gru has a tea party with the girls,73,298,4:58,5:02,373,56,scene cut to a different room,Gru sits at a tea party with the girls and Minions,Indoor,N/A,N/A,"Gru: ""Alright, now, when we put our cups together, we will make the clink sound with our mouths.""",Living room ,long,no,yes,2,+,,,,,,,
,74,303,5:03,5:12,379,57,Gru clinks his teacup with Edith and Agnes at a pretend tea party ,,Indoor,"Gru, Edith, Margo, Agnes, Bob",Gru,"Gru: ""Ready, Edith? Clink!"" Edith: ""Clink!"" Gru: ""There we go. Now we drink. Now Agnes, clink!"" Agnes: ""Clink!""",Living room ,medium,no,yes,2,+,,,,,,,
,75,313,5:13,5:14,391,57,"The doorbell rings, interrupting the party",,Indoor,"Gru, Edith, Margo, Agnes, Bob",Gru,N/A,Living room ,medium,no,yes,2,+,,,,,,,
,76,315,5:15,5:16,394,58,Gru excuses himself from the party,,Indoor,Gru,Gru,"Gru: ""Excuse me girls.""",Living room ,short,no,yes,2,+,,,,,,,
,77,317,5:17,5:18,396,59,Everyone looks disappointed,,Indoor,"Edith, Margo, Agnes, Bob","Edith, Margo, Agnes, Bob","Everyone: ""Aww."" Edith: ""Come on!""",Living room ,medium,no,yes,2,+,,,,,,,
,78,319,5:19,5:21,399,60,Gru assures everyone he'll be back and steps out of the ring,Ms. Hattie comes to take back the girls ,Indoor,"Gru, Edith, Margo, Agnes, Bob",Gru,"Gru: ""Don't worry, I'll be back. Keep clinking!""",Living room ,medium,no,yes,2,+,,,,,,,
,79,322,5:22,5:23,403,61,Gru heads towards the door,,Indoor,Gru,Gru,"Agnes: ""Clink!""",Corridor,long,no,yes,2,+,,,,,,,
,80,324,5:24,5:25,405,62,Gru opens the door,,Outdoor,"Gru, Ms. Hattie",Gru,"Gru: ""Oh! Ms. Hattie,""",Doorway,short,no,no,2,-,,,,,,,
Ms. Hattie comes to take the girls away ,81,326,5:26,5:26,408,63,Ms. Hattie looks unimpressed,,Outdoor,"Gru, Ms. Hattie",Ms. Hattie,"Gru: ""What are you doing here?""",Doorway,short,no,no,3,-,,,,,,,
,82,327,5:27,5:31,409,64,"Ms. Hattie says she is here to pick up the girls, since someone told her Gru wanted to ""return them""",,Outdoor,"Gru, Ms. Hattie",Ms. Hattie,"Ms. Hattie: ""I'm here for the girls. I received a call that you wanted to return them.""",Doorway,medium,no,no,3,-,,,,,,,
,83,332,5:32,5:34,415,65,Gru looks concerned,,Outdoor,Gru,Gru,N/A,Doorway,short,no,yes,4,-,,,,,,,
,84,335,5:35,5:38,419,66,Ms. Hattie flips through a spanish dictionary,,Outdoor,"Gru, Ms. Hattie",Ms. Hattie,"Ms. Hattie: ""And also, I did purchase a Spanish dictionary.""",Doorway,medium,yes,yes,4,-,,,,,,,
,85,339,5:39,5:41,424,67,Ms. Hattie slaps Gru in the face and shoves the dictionary at him,,Outdoor,"Gru, Ms. Hattie",Gru,N/A,Doorway,short,no,yes,4,-,,,,,,,
,86,342,5:42,5:43,428,68,"Ms. Hattie says ""she doesn't like what [Gru] said""",,Outdoor,"Gru, Ms. Hattie",Ms. Hattie,"Ms. Hattie: ""I didn't like what you said.""",Doorway,short,no,yes,4,-,,,,,,,
,87,344,5:44,5:45,430,69,Dr. Nefario walks in from behind and clears his throat,,Indoor,"Gru, Dr. Nefario, Ms. Hattie",Dr. Nefario,"Gru: ""But, I...""",Doorway,long,no,yes,4,-,,,,,,,
,88,347,5:47,5:47,434,70,Dr. Nefario looks pointedly at Gru,,Indoor,Dr. Nefario,Dr. Nefario,N/A,Doorway,medium,no,yes,4,-,,,,,,,
,89,348,5:48,5:54,435,71,Gru looks downcast and says he will get the girls ready,,Indoor,"Gru, Ms. Hattie",Gru,"Gru: ""Oh. I will get the girls readh.""",Doorway,medium,yes,yes,4,-,,,,,,,
,90,355,5:55,6:01,444,72,Gru brings the girls out of the house with their belongings. Agnes is clinging onto Gru.,,Outdoor,"Gru, Edith, Margo, Agnes, Ms. Hattie",Gru,N/A,Driveway,long,no,yes,3,-,,,,,,,
,91,362,6:02,6:05,453,73,Agnes begs Gru to not let Ms. Hattie take them away,,Outdoor,"Gru, Edith, Margo, Agnes, Ms. Hattie",Agnes,"Agnes: ""Don't let her take us Mr. Gru!""",Driveway,medium,no,yes,4,-,,,,,,,
,92,366,6:06,6:08,458,74,Agnes falls into the car and tells Gru to keep them,,Outdoor,"Edith, Margo, Agnes",Agnes,"Agnes: ""Tell her you wanna keep us!""",Driveway,medium,no,yes,4,-,,,,,,,
,93,369,6:09,6:10,461,75,Ms. Hattie says it's time to go,,Outdoor,"Gru, Ms. Hattie",Ms. Hattie,"Ms. Hattie: ""Alright girls, come on, let's go.""",Driveway,medium,no,yes,3,-,,,,,,,
,94,371,6:11,6:13,464,76,Margo comforts Agnes and bitterly thanks Gru,,Outdoor,"Edith, Margo, Agnes",Margo,"Margo: ""Goodbye Mr. Gru. Thanks for everything.""",Driveway,medium,no,yes,4,-,,,,,,,
,95,374,6:14,6:15,468,77,Ms. Hattie slams the door and walks away,,Outdoor,"Gru, Ms. Hattie","Gru, Ms. Hattie",N/A,Driveway,medium,no,yes,4,-,,,,,,,
,96,376,6:16,6:17,470,78,Margo rolls her car window up,,Outdoor,"Edith, Margo, Agnes","Edith, Margo, Agnes",N/A,Driveway,medium,no,yes,3,-,,,,,,,
,97,378,6:18,6:20,473,79,Ms. Hattie gets in the car and starts the engine,,Outdoor,"Gru, Edith, Margo, Agnes, Ms. Hattie","Gru, Edith, Margo, Agnes, Ms. Hattie",N/A,Driveway,long,no,yes,3,-,,,,,,,
,98,381,6:21,6:22,476,80,The car starts to pull away,,Outdoor,Gru,Gru,N/A,Driveway,short,no,yes,3,-,,,,,,,
,99,383,6:23,6:23,479,81,Gru looks sad to see the girls go,,Outdoor,Gru,Gru,N/A,Driveway,short,no,yes,3,-,,,,,,,
,100,384,6:24,6:28,480,82,Gru looks at the car as it drives away,,Outdoor,Gru,Gru,N/A,Driveway,long,no,yes,3,-,,,,,,,
,101,389,6:29,6:31,486,83,Dr. Nefario tells Gru he did it for Gru's sake,,Indoor,"Gru, Dr. Nefario",Dr. Nefario,"Dr. Nefario: ""I did it for your own good.""",Doorway,medium,no,yes,3,-,,,,,,,
,102,392,6:32,6:37,490,84,"Dr. Nefario says ""Let's go get that moon"", and Gru flatly agrees",,Outdoor,"Gru, Dr. Nefario",Gru,"Dr. Nefario: ""Come on! Let's go get that moon.""",Doorway,medium,no,yes,3,-,,,,,,,
,103,398,6:38,6:41,498,85,Gru walks into the house and shuts the door,,Indoor,Gru,Gru,"Gru: ""Right.""",Doorway,medium,no,yes,3,-,,,,,,,
,104,402,6:42,6:45,503,85,"Minion sobs at the window, hugging a toy minion to itself",,Indoor,Bob,Bob,Bob cries,Front door window,medium,no,yes,4,-,,,,,,,
Gru is affected by the girls' absence,105,406,6:46,6:47,508,86,Gru sits at a table for dinner by himself,Gru looks sad and lonely without the girls,Indoor,Gru,Gru,N/A,Dinner table,long,no,yes,2,-,,,,,,,
,106,408,6:48,6:50,510,87,Gru pushes his food around without eating,,Indoor,Gru ,Gru,N/A,Dinner table,short,no,yes,2,-,,,,,,,
,107,411,6:51,6:52,514,88,Gru walks into the corridor,,Indoor,Gru,Gru,N/A,Corridor,medium,no,yes,2,-,,,,,,,
,108,413,6:53,6:54,516,89,3 minions scrub at the drawing the girls made on the walls,,Indoor,"Gru, 3 minions",3 minions,N/A,Corridor,medium,no,yes,2,-,,,,,,,
,109,414,6:54,6:55,518,90,Gru looks at the drawing,,Indoor,Gru,Gru,N/A,Corridor,short,no,yes,2,-,,,,,,,
,110,416,6:56,6:58,520,91,Drawing of the girls under the family tree is erased by the minions,,Indoor,2 minions,N/A,N/A,Corridor,short,yes,yes,2,-,,,,,,,
,111,419,6:59,7:00,524,92,Gru frowns and sighs,,Indoor,Gru,Gru,N/A,Corridor,short,no,yes,2,-,,,,,,,
,112,421,7:01,7:02,526,93,Margo looks out from a cardboard box cutout,,Indoor,Margo,Margo,N/A,Foster care,short,no,yes,2,-,,,,,,,
,113,423,7:03,7:05,529,94,"All 3 girls sit in ""boxes of shame""",,Indoor,"Edith, Margo, Agnes","Edith, Margo, Agnes",N/A,Foster care,medium,yes,yes,2,-,,,,,,,
,114,426,7:06,7:08,533,95,Gru lies in bed and feels something,,Indoor,Gru,Gru, N/A,Gru's Bedroom,long,,yes,2,-,,,,,,,
,115,429,7:09,7:10,536,96,Gru sits up to see what is under the covers,,Indoor,Gru,Gru,N/A,Gru's Bedroom,medium,no,yes,2,-,,,,,,,
,116,430,7:10,7:11,538,97,Gru yanks back the covers to see the girls' toys,,Indoor,N/A,N/A,N/A,Gru's Bedroom,short,no,yes,2,-,,,,,,,
,117,432,7:12,7:13,540,98,"Gru is surprised and screams, falling backwards out of the bed",,Indoor,Gru,Gru,Gru screams,Gru's Bedroom,medium,no,yes,4,-,,,,,,,
,118,434,7:14,7:15,543,99,Gru's scream makes the birds fly from the house,,Outdoor,N/A,N/A,N/A,Outdoor view of house,long,no,yes,4,-,,,,,,,
Gru puts his heist into action,119,436,7:16,7:19,545,100,Many minions are working and talking,Gru prepares for launch,Indoor,Many minions,minions,minions chatters indistinctly,Lair,medium,no,yes,4,+,,,,,,,
,120,439,7:19,7:22,549,101,Gru walks into the lair in a pink astronaut suit,,Indoor,Gru,Gru,N/A,Lair,long,no,yes,3,+,,,,,,,
,121,443,7:23,7:24,554,102,Gru looks serious and determined,,Indoor,Gru,Gru,N/A,Lair,short,no,yes,3,+,,,,,,,
,122,445,7:25,7:31,556,103,Gru puts his helmet on,,Indoor,Gru,Gru,N/A,Lair,short,no,yes,3,+,,,,,,,
,123,452,7:32,7:33,565,104,A camera light turns on and pivots,,Indoor,1 minion,N/A,N/A,Lair,short,no,yes,3,+,,,,,,,
,124,453,7:33,7:34,566,105,A minion turns on another light and rotates it,,Indoor,1 minion,N/A,N/A,Lair,long,no,yes,3,+,,,,,,,
,125,455,7:35,7:40,569,106,The light pans to show a large rocket,,Indoor,N/A,N/A,N/A,Lair,long,no,yes,3,+,,,,,,,
,126,461,7:41,7:42,576,107,A young Gru in a cardboard astronaut suit looks out of the window,,Indoor,Gru,Gru,N/A,"In the past, looking out of window",short,no,yes,2,+,,,,,,,
,127,463,7:43,7:46,579,108,Present-day Gru's image superimposes on top of young Gru,,Indoor,Gru,Gru,N/A,Lair,short,no,yes,2,+,,,,,,,
,128,467,7:47,7:49,584,109,A minion hurries onto the platform that Gru is standing on,,Indoor,"Bob, Gru",Bob,N/A,Lair,medium,no,yes,3,+,,,,,,,
,129,470,7:50,7:51,588,110,The platform raises up ,,Indoor,"Bob, Gru",Bob,N/A,Lair,long,no,yes,3,+,,,,,,,
,130,472,7:52,7:53,590,111,The minion hands Gru a pink ticket,Minion hands Gru the girls' ballet recital ticket,Indoor,"Bob, Gru",Bob ,"Bob hums, then speaks ",Lair,short,no,yes,3,+,,,,,,,
,131,474,7:54,7:55,593,111,Gru looks at the ticket and asks what it is for,,Indoor,Gru,Gru,"Gru: ""What is this for?""",Lair,short,no,yes,3,+,,,,,,,
,132,476,7:56,7:57,595,112,The minion responds to Gru's question,,Indoor,Bob,Bob,"Bob: ""The recital.""",Lair,medium,no,yes,3,+,,,,,,,
,133,478,7:58,8:04,598,113,Gru says he doesn't go to recitals and lets go of the ticket,,Indoor,Gru,Gru,"Gru: ""The recital? I - I am the greatest criminal mind of the century. I don't go to little girls' dance recitals.""",Lair,medium,no,yes,4,-,,,,,,,
,134,485,8:05,8:06,606,114,The minion reaches out and safely catches the ticket,,Indoor,Bob,Bob,N/A,Lair,medium,no,yes,4,+,,,,,,,
,135,487,8:07,8:08,609,115,The minion has the ticket in hand,,Indoor,"Bob, Gru",Bob,N/A,Lair,medium,no,yes,3,+,,,,,,,
,136,489,8:09,8:09,611,116,The minion puts the ticket into Gru's pocket without him noticing,,Indoor,"Bob, Gru",Bob,N/A,Lair,short,yes,yes,3,+,,,,,,,
,137,490,8:10,8:13,613,117,The platform reaches its destination and Gru walks off,Gru settles into the rocket and prepares for take off,Indoor,"Bob, Gru",Gru,N/A,Lair,long,no,yes,3,+,,,,,,,
,138,494,8:14,8:18,618,118,Gru settles into a pod and straps himself in,,Indoor,Gru,Gru,N/A,Lair,medium,no,yes,2,+,,,,,,,
,139,499,8:19,8:19,624,119,Gru buckles himself,,Indoor,Gru,Gru,N/A,Lair,short,no,yes,2,+,,,,,,,
,140,500,8:20,8:20,625,120,The glass screen of the pod closes,,Indoor,Gru,Gru,N/A,Lair,long,no,yes,2,+,,,,,,,
,141,501,8:21,8:23,626,121,A minion cleans a part of the glass,,Indoor,Stuart,Stuart,N/A,Lair,medium,no,yes,2,+,,,,,,,
,142,504,8:24,8:26,630,122,Gru fiddles with a device to get signal for video connection with Dr. Nefario,,Indoor,"Gru, Dr. Nefario",Gru,N/A,Lair,medium,no,yes,2,+,,,,,,,
,143,507,8:27,8:30,634,123,Dr. Nefario says that the launch is about to commence,,Indoor,Dr. Nefario,Dr. Nefario,"Dr. Nefario: ""Opening launch by doors. Commencing...""",Lair,short,no,yes,2,+,,,,,,,
,144,511,8:31,8:33,639,124,Gru looks serious and determined,,Indoor,Gru,Gru,"Dr. Nefario: ""...launch scene. And we are good to go.""",Lair,medium,no,yes,2,+,,,,,,,
,145,514,8:34,8:35,643,125,The roof begins to open up,,Indoor,Gru,N/A,"Dr. Nefario: ""In T-minus...""",Lair,long,no,yes,2,+,,,,,,,
,146,516,8:36,8:36,645,126,A minion runs away from the rocket,,Indoor,Minions,N/A,"Dr. Nefario: ""...10...""",Lair,medium,no,yes,2,+,,,,,,,
,147,517,8:37,8:37,646,127,2 more minions back away from the rocket as Dr. Nefario announces countdown to launch,,Indoor,"Bob, Stuart","Bob, Stuart","Dr. Nefario: ""...seconds.""",Lair,medium,no,yes,2,+,,,,,,,
,148,518,8:38,8:42,648,128,View of the rocket as Dr. Nefario counts down from 10,,Indoor,N/A,N/A,"Dr. Nefario: ""10, 9, 8, 7""",Lair,long,no,yes,3,+,,,,,,,
,149,523,8:43,8:43,654,129,Dr. Nefario continues counting down ,,Indoor,"Dr. Nefario, minions",Dr. Nefario,"Dr. Nefario: ""6""",Lair,short,no,yes,3,+,,,,,,,
,150,524,8:44,8:50,655,130,A neighbor is interrupted from cleaning his car as he hears rumbling,The rocket launches,Outdoor,Male neighbor,Male neighbor,N/A,Neighbor's yard/on the neighborhood street,short,no,no,3,+,,,,,,,
,151,531,8:51,8:53,664,131,"The emerging rocket's shadow casts over the neighbor, and he turns around ",,Outdoor,Male neighbor,Male neighbor,N/A,Neighbor's yard/on the neighborhood street,long,no,no,3,+,,,,,,,
Gru's rocket takes off (plan is in motion),152,534,8:54,8:55,668,132,The rocket emerges ,,Outdoor,Male neighbor,N/A,N/A,Outdoor view of Gru's house,medium,no,no,3,+,,,,,,,
,153,536,8:56,8:57,670,133,"Neighbor looks shocked, and Vector walks into the frame",Vector tries to hijack Gru's plan,Outdoor,"Male neighbor, Vector",Vector,N/A,Neighbor's yard/on the neighborhood street,medium,no,yes,4,-,,,,,,,
Vector tries to hijack Gru's plan,154,538,8:58,8:59,673,134,Vector looks up at the rocket and drops a backpack,,Outdoor,"Male neighbor, Vector",Vector,N/A,Neighbor's yard/on the neighborhood street,medium,no,yes,3,-,,,,,,,
,155,540,9:00,9:02,675,135,Vector kneels and launches a squid launcher at the rocket,,Outdoor,"Male neighbor, Vector",Vector,N/A,Neighbor's yard/on the neighborhood street,medium,no,yes,3,-,,,,,,,
,156,543,9:03,9:03,679,136,Vector's squid lands on the rocket,,Outdoor,N/A,N/A,N/A,In the sky,short,no,yes,3,-,,,,,,,
,157,544,9:04,9:05,680,137,Rocket continues to rise up ,,Outdoor,N/A,N/A,N/A,In the sky,long,no,yes,3,-,,,,,,,
,158,546,9:06,9:07,683,138,Rocket picks up speed as it rises,,Outdoor,N/A,N/A,N/A,In the sky,short,no,yes,3,-,,,,,,,
,159,548,9:08,9:09,685,139,"Vector waits to be picked up by the launcher, as the rope is tied around his waist",,Outdoor,"Male neighbor, Vector",Vector,N/A,In the sky,medium,no,yes,3,-,,,,,,,
,160,550,9:10,9:11,688,140,Vector is dragged into the air ,,Outdoor,Vector,Vector,"Vector: ""Oh yeah!""",In the sky,long,no,yes,4,-,,,,,,,
,161,552,9:12,9:12,690,141,"Vector lands on his squid, which is still attached to the rocket",,Outdoor,Vector,Vector,N/A,In the sky,medium,no,yes,4,-,,,,,,,
,162,553,9:13,9:15,691,142,Gru tells Dr. Nefario that all systems are working,,Outdoor,Gru,Gru,"Gru: ""Nice work Dr., all systems go.""",In the sky,m,no,yes,3,-,,,,,,,
,163,556,9:16,9:17,695,143,Vector lands on Gru's front window with a piranha gun aimed at Gru,,Outdoor,"Gru, Vector",Vector,"Vector: ""Boo-yeah.""",In the sky,short,no,yes,5,-,,,,,,,
,164,557,9:17,9:18,696,144,Gru is taken aback and looks surprised,,Outdoor,Gru,Gru,N/A,In the sky,short,no,yes,5,-,,,,,,,
,165,558,9:18,9:19,698,145,Gru turns a dial,,Outdoor,"Gru, Vector",Gru,N/A,In the sky,m,no,yes,4,-,,,,,,,
,166,559,9:19,9:24,699,146,"Vector is electrocuted and loses his grip on the window, falling from the rocket ",Vector fails to tag onto Gru's rocket,Outdoor,Vector,Vector,N/A,In the sky,m,no,yes,5,-,,,,,,,
,167,564,9:24,9:25,705,147,Vector falls through the sky,,Outdoor,Vector,Vector,N/A,In the sky,long,no,yes,4,-,,,,,,,
,168,566,9:26,9:30,708,148,Vector thinks of his flight suit ,,Outdoor,Vector,Vector,"Vector: ""My flight suit!""",In the sky,m,no,yes,5,-,,,,,,,
,169,571,9:31,9:35,714,149,"Vector's flight suit is activated, and Vector can control his movements in the air",,Outdoor,Vector,Vector,"Vector: ""Oh yeah, once again the mighty -""",In the sky,long,no,yes,4,-,,,,,,,
,170,575,9:35,9:35,719,150,Vector runs into an electric tower,,Outdoor,Vector ,Vector,N/A,In the sky,short,no,no,3,-,,,,,,,
,171,576,9:36,9:38,720,151,Vector is electrocuted on the tower and falls,,Outdoor,Vector,Vector,Vector screams,In the sky,long,no,no,3,-,,,,,,,
,172,578,9:38,9:39,723,152,Gru yells as he strains to control the rocket's ascent,Rocket continues launching into space,Outdoor,Gru,Gru,Gru yells,Exiting Earth's atmosphere ,short,no,yes,4,-,,,,,,,
,173,579,9:39,9:40,724,153,Gru continues yelling,,Outdoor,Gru,Gru,Gru yells,Exiting Earth's atmosphere ,short,no,yes,4,-,,,,,,,
,174,581,9:41,9:44,726,154,A minion lazily floats by in the atmosphere,,Outdoor,Stuart,Stuart,N/A,Exiting Earth's atmosphere ,long,no,no,2,+,,,,,,,
,175,585,9:45,9:46,731,154,"The minion notices the rocket and panics, but the rocket blasts the minion out of the way",,Outdoor,Stuart,Stuart,Stuart says something in panic,Exiting Earth's atmosphere ,long,no,no,3,+,,,,,,,
Gru makes it to outer space,176,587,9:47,9:49,734,155,Rocket leaves behind a trail of smoke as it blasts into space,,Outdoor,N/A,N/A,N/A,Exiting Earth's atmosphere ,medium,no,no,4,+,,,,,,,
,177,590,9:50,9:50,738,156,The items inside the pod continue to shake due to the shaky trajection,,Outdoor,N/A,N/A,N/A,Exiting Earth's atmosphere ,medium,no,yes,4,+,,,,,,,
,178,591,9:51,9:54,739,157,The rocket's fire goes out and the rocket's speed reduces drastically,Rocket reaches outer space,Outdoor,N/A,N/A,N/A,Outer space,medium,no,yes,2,+,,,,,,,
,179,595,9:55,9:56,744,158,Gru reacts to the rocket's slowed travel,,Outdoor,Gru,Gru,N/A,Outer space,short,no,yes,3,+,,,,,,,
,180,597,9:57,10:00,746,159,The rocket detaches in 3 parts,,Outdoor,N/A,N/A,N/A,Outer space,medium,no,yes,2,+,,,,,,,
,181,,,,,,,,,,,,,,,,,,,,,,,,
,182,,,,,,,,,,,,,,,,,,,,,,,,
,183,,,,,,,,,,,,,,,,,,,,,,,,
,184,,,,,,,,,,,,,,,,,,,,,,,,
,185,,,,,,,,,,,,,,,,,,,,,,,,
,186,,,,,,,,,,,,,,,,,,,,,,,,
,187,,,,,,,,,,,,,,,,,,,,,,,,
,188,,,,,,,,,,,,,,,,,,,,,,,,
,189,,,,,,,,,,,,,,,,,,,,,,,,
,190,,,,,,,,,,,,,,,,,,,,,,,,
,191,,,,,,,,,,,,,,,,,,,,,,,,
,192,,,,,,,,,,,,,,,,,,,,,,,,
,193,,,,,,,,,,,,,,,,,,,,,,,,
,194,,,,,,,,,,,,,,,,,,,,,,,,
,195,,,,,,,,,,,,,,,,,,,,,,,,
,196,,,,,,,,,,,,,,,,,,,,,,,,
,197,,,,,,,,,,,,,,,,,,,,,,,,
,198,,,,,,,,,,,,,,,,,,,,,,,,
,199,,,,,,,,,,,,,,,,,,,,,,,,
,200,,,,,,,,,,,,,,,,,,,,,,,,
,201,,,,,,,,,,,,,,,,,,,,,,,,
,202,,,,,,,,,,,,,,,,,,,,,,,,
,203,,,,,,,,,,,,,,,,,,,,,,,,
,204,,,,,,,,,,,,,,,,,,,,,,,,
,205,,,,,,,,,,,,,,,,,,,,,,,,
,206,,,,,,,,,,,,,,,,,,,,,,,,
,207,,,,,,,,,,,,,,,,,,,,,,,,
,208,,,,,,,,,,,,,,,,,,,,,,,,
,209,,,,,,,,,,,,,,,,,,,,,,,,
,210,,,,,,,,,,,,,,,,,,,,,,,,
,211,,,,,,,,,,,,,,,,,,,,,,,,
,212,,,,,,,,,,,,,,,,,,,,,,,,
,213,,,,,,,,,,,,,,,,,,,,,,,,
,214,,,,,,,,,,,,,,,,,,,,,,,,
,215,,,,,,,,,,,,,,,,,,,,,,,,
,216,,,,,,,,,,,,,,,,,,,,,,,,
,217,,,,,,,,,,,,,,,,,,,,,,,,
,218,,,,,,,,,,,,,,,,,,,,,,,,
,219,,,,,,,,,,,,,,,,,,,,,,,,
,220,,,,,,,,,,,,,,,,,,,,,,,,
,221,,,,,,,,,,,,,,,,,,,,,,,,
,222,,,,,,,,,,,,,,,,,,,,,,,,
,223,,,,,,,,,,,,,,,,,,,,,,,,
,224,,,,,,,,,,,,,,,,,,,,,,,,
,225,,,,,,,,,,,,,,,,,,,,,,,,
,226,,,,,,,,,,,,,,,,,,,,,,,,
,227,,,,,,,,,,,,,,,,,,,,,,,,
,228,,,,,,,,,,,,,,,,,,,,,,,,
,229,,,,,,,,,,,,,,,,,,,,,,,,
,230,,,,,,,,,,,,,,,,,,,,,,,,
,231,,,,,,,,,,,,,,,,,,,,,,,,
,232,,,,,,,,,,,,,,,,,,,,,,,,
,233,,,,,,,,,,,,,,,,,,,,,,,,
,234,,,,,,,,,,,,,,,,,,,,,,,,
,235,,,,,,,,,,,,,,,,,,,,,,,,
,236,,,,,,,,,,,,,,,,,,,,,,,,
,237,,,,,,,,,,,,,,,,,,,,,,,,
,238,,,,,,,,,,,,,,,,,,,,,,,,
,239,,,,,,,,,,,,,,,,,,,,,,,,
,240,,,,,,,,,,,,,,,,,,,,,,,,
,241,,,,,,,,,,,,,,,,,,,,,,,,
,242,,,,,,,,,,,,,,,,,,,,,,,,
,243,,,,,,,,,,,,,,,,,,,,,,,,
,244,,,,,,,,,,,,,,,,,,,,,,,,
,245,,,,,,,,,,,,,,,,,,,,,,,,
,246,,,,,,,,,,,,,,,,,,,,,,,,
,247,,,,,,,,,,,,,,,,,,,,,,,,
,248,,,,,,,,,,,,,,,,,,,,,,,,
,249,,,,,,,,,,,,,,,,,,,,,,,,
,250,,,,,,,,,,,,,,,,,,,,,,,,
,251,,,,,,,,,,,,,,,,,,,,,,,,
,252,,,,,,,,,,,,,,,,,,,,,,,,
,253,,,,,,,,,,,,,,,,,,,,,,,,
,254,,,,,,,,,,,,,,,,,,,,,,,,
,255,,,,,,,,,,,,,,,,,,,,,,,,
,256,,,,,,,,,,,,,,,,,,,,,,,,
,257,,,,,,,,,,,,,,,,,,,,,,,,
,258,,,,,,,,,,,,,,,,,,,,,,,,
,259,,,,,,,,,,,,,,,,,,,,,,,,
,260,,,,,,,,,,,,,,,,,,,,,,,,
,261,,,,,,,,,,,,,,,,,,,,,,,,
,262,,,,,,,,,,,,,,,,,,,,,,,,
,263,,,,,,,,,,,,,,,,,,,,,,,,
,264,,,,,,,,,,,,,,,,,,,,,,,,
,265,,,,,,,,,,,,,,,,,,,,,,,,
,266,,,,,,,,,,,,,,,,,,,,,,,,
,267,,,,,,,,,,,,,,,,,,,,,,,,
,268,,,,,,,,,,,,,,,,,,,,,,,,
,269,,,,,,,,,,,,,,,,,,,,,,,,
,270,,,,,,,,,,,,,,,,,,,,,,,,
,271,,,,,,,,,,,,,,,,,,,,,,,,
,272,,,,,,,,,,,,,,,,,,,,,,,,
,273,,,,,,,,,,,,,,,,,,,,,,,,
,274,,,,,,,,,,,,,,,,,,,,,,,,
,275,,,,,,,,,,,,,,,,,,,,,,,,
,276,,,,,,,,,,,,,,,,,,,,,,,,
,277,,,,,,,,,,,,,,,,,,,,,,,,
,278,,,,,,,,,,,,,,,,,,,,,,,,
,279,,,,,,,,,,,,,,,,,,,,,,,,
,280,,,,,,,,,,,,,,,,,,,,,,,,
,281,,,,,,,,,,,,,,,,,,,,,,,,
,282,,,,,,,,,,,,,,,,,,,,,,,,
,283,,,,,,,,,,,,,,,,,,,,,,,,
,284,,,,,,,,,,,,,,,,,,,,,,,,
,285,,,,,,,,,,,,,,,,,,,,,,,,
,286,,,,,,,,,,,,,,,,,,,,,,,,
,287,,,,,,,,,,,,,,,,,,,,,,,,
,288,,,,,,,,,,,,,,,,,,,,,,,,
,289,,,,,,,,,,,,,,,,,,,,,,,,
,290,,,,,,,,,,,,,,,,,,,,,,,,
,291,,,,,,,,,,,,,,,,,,,,,,,,
,292,,,,,,,,,,,,,,,,,,,,,,,,
,293,,,,,,,,,,,,,,,,,,,,,,,,
,294,,,,,,,,,,,,,,,,,,,,,,,,
,295,,,,,,,,,,,,,,,,,,,,,,,,
,296,,,,,,,,,,,,,,,,,,,,,,,,
,297,,,,,,,,,,,,,,,,,,,,,,,,
,298,,,,,,,,,,,,,,,,,,,,,,,,
,299,,,,,,,,,,,,,,,,,,,,,,,,
,300,,,,,,,,,,,,,,,,,,,,,,,,
,301,,,,,,,,,,,,,,,,,,,,,,,,
,302,,,,,,,,,,,,,,,,,,,,,,,,
,303,,,,,,,,,,,,,,,,,,,,,,,,
,304,,,,,,,,,,,,,,,,,,,,,,,,
,305,,,,,,,,,,,,,,,,,,,,,,,,
,306,,,,,,,,,,,,,,,,,,,,,,,,
,307,,,,,,,,,,,,,,,,,,,,,,,,
,308,,,,,,,,,,,,,,,,,,,,,,,,
,309,,,,,,,,,,,,,,,,,,,,,,,,
,310,,,,,,,,,,,,,,,,,,,,,,,,
,311,,,,,,,,,,,,,,,,,,,,,,,,
,312,,,,,,,,,,,,,,,,,,,,,,,,
,313,,,,,,,,,,,,,,,,,,,,,,,,
,314,,,,,,,,,,,,,,,,,,,,,,,,
,315,,,,,,,,,,,,,,,,,,,,,,,,
,316,,,,,,,,,,,,,,,,,,,,,,,,
,317,,,,,,,,,,,,,,,,,,,,,,,,
,318,,,,,,,,,,,,,,,,,,,,,,,,
,319,,,,,,,,,,,,,,,,,,,,,,,,
,320,,,,,,,,,,,,,,,,,,,,,,,,
,321,,,,,,,,,,,,,,,,,,,,,,,,
,322,,,,,,,,,,,,,,,,,,,,,,,,
,323,,,,,,,,,,,,,,,,,,,,,,,,
,324,,,,,,,,,,,,,,,,,,,,,,,,
,325,,,,,,,,,,,,,,,,,,,,,,,,
,326,,,,,,,,,,,,,,,,,,,,,,,,
,327,,,,,,,,,,,,,,,,,,,,,,,,
,328,,,,,,,,,,,,,,,,,,,,,,,,
,329,,,,,,,,,,,,,,,,,,,,,,,,
,330,,,,,,,,,,,,,,,,,,,,,,,,
,331,,,,,,,,,,,,,,,,,,,,,,,,
,332,,,,,,,,,,,,,,,,,,,,,,,,
,333,,,,,,,,,,,,,,,,,,,,,,,,
,334,,,,,,,,,,,,,,,,,,,,,,,,
,335,,,,,,,,,,,,,,,,,,,,,,,,
,336,,,,,,,,,,,,,,,,,,,,,,,,
,337,,,,,,,,,,,,,,,,,,,,,,,,
,338,,,,,,,,,,,,,,,,,,,,,,,,
,339,,,,,,,,,,,,,,,,,,,,,,,,
,340,,,,,,,,,,,,,,,,,,,,,,,,
,341,,,,,,,,,,,,,,,,,,,,,,,,
,342,,,,,,,,,,,,,,,,,,,,,,,,
,343,,,,,,,,,,,,,,,,,,,,,,,,
,344,,,,,,,,,,,,,,,,,,,,,,,,
,345,,,,,,,,,,,,,,,,,,,,,,,,
,346,,,,,,,,,,,,,,,,,,,,,,,,
,347,,,,,,,,,,,,,,,,,,,,,,,,
,348,,,,,,,,,,,,,,,,,,,,,,,,
,349,,,,,,,,,,,,,,,,,,,,,,,,
,350,,,,,,,,,,,,,,,,,,,,,,,,
,351,,,,,,,,,,,,,,,,,,,,,,,,
,352,,,,,,,,,,,,,,,,,,,,,,,,
,353,,,,,,,,,,,,,,,,,,,,,,,,
,354,,,,,,,,,,,,,,,,,,,,,,,,
,355,,,,,,,,,,,,,,,,,,,,,,,,
,356,,,,,,,,,,,,,,,,,,,,,,,,
,357,,,,,,,,,,,,,,,,,,,,,,,,
,358,,,,,,,,,,,,,,,,,,,,,,,,
,359,,,,,,,,,,,,,,,,,,,,,,,,
,360,,,,,,,,,,,,,,,,,,,,,,,,
,361,,,,,,,,,,,,,,,,,,,,,,,,
,362,,,,,,,,,,,,,,,,,,,,,,,,
,363,,,,,,,,,,,,,,,,,,,,,,,,
,364,,,,,,,,,,,,,,,,,,,,,,,,
,365,,,,,,,,,,,,,,,,,,,,,,,,
,366,,,,,,,,,,,,,,,,,,,,,,,,
,367,,,,,,,,,,,,,,,,,,,,,,,,
,368,,,,,,,,,,,,,,,,,,,,,,,,
,369,,,,,,,,,,,,,,,,,,,,,,,,
,370,,,,,,,,,,,,,,,,,,,,,,,,
,371,,,,,,,,,,,,,,,,,,,,,,,,
,372,,,,,,,,,,,,,,,,,,,,,,,,
,373,,,,,,,,,,,,,,,,,,,,,,,,
,374,,,,,,,,,,,,,,,,,,,,,,,,
,375,,,,,,,,,,,,,,,,,,,,,,,,
,376,,,,,,,,,,,,,,,,,,,,,,,,
,377,,,,,,,,,,,,,,,,,,,,,,,,
,378,,,,,,,,,,,,,,,,,,,,,,,,
,379,,,,,,,,,,,,,,,,,,,,,,,,
,380,,,,,,,,,,,,,,,,,,,,,,,,
,381,,,,,,,,,,,,,,,,,,,,,,,,
,382,,,,,,,,,,,,,,,,,,,,,,,,
,383,,,,,,,,,,,,,,,,,,,,,,,,
,384,,,,,,,,,,,,,,,,,,,,,,,,
,385,,,,,,,,,,,,,,,,,,,,,,,,
,386,,,,,,,,,,,,,,,,,,,,,,,,
,387,,,,,,,,,,,,,,,,,,,,,,,,
,388,,,,,,,,,,,,,,,,,,,,,,,,
,389,,,,,,,,,,,,,,,,,,,,,,,,
,390,,,,,,,,,,,,,,,,,,,,,,,,
,391,,,,,,,,,,,,,,,,,,,,,,,,
,392,,,,,,,,,,,,,,,,,,,,,,,,
,393,,,,,,,,,,,,,,,,,,,,,,,,
,394,,,,,,,,,,,,,,,,,,,,,,,,
,395,,,,,,,,,,,,,,,,,,,,,,,,
,396,,,,,,,,,,,,,,,,,,,,,,,,
,397,,,,,,,,,,,,,,,,,,,,,,,,
,398,,,,,,,,,,,,,,,,,,,,,,,,
,399,,,,,,,,,,,,,,,,,,,,,,,,
,400,,,,,,,,,,,,,,,,,,,,,,,,
,401,,,,,,,,,,,,,,,,,,,,,,,,
,402,,,,,,,,,,,,,,,,,,,,,,,,
,403,,,,,,,,,,,,,,,,,,,,,,,,
,404,,,,,,,,,,,,,,,,,,,,,,,,
,405,,,,,,,,,,,,,,,,,,,,,,,,
,406,,,,,,,,,,,,,,,,,,,,,,,,
,407,,,,,,,,,,,,,,,,,,,,,,,,
,408,,,,,,,,,,,,,,,,,,,,,,,,
,409,,,,,,,,,,,,,,,,,,,,,,,,
,410,,,,,,,,,,,,,,,,,,,,,,,,
,411,,,,,,,,,,,,,,,,,,,,,,,,
,412,,,,,,,,,,,,,,,,,,,,,,,,
,413,,,,,,,,,,,,,,,,,,,,,,,,
,414,,,,,,,,,,,,,,,,,,,,,,,,
,415,,,,,,,,,,,,,,,,,,,,,,,,
,416,,,,,,,,,,,,,,,,,,,,,,,,
,417,,,,,,,,,,,,,,,,,,,,,,,,
,418,,,,,,,,,,,,,,,,,,,,,,,,
,419,,,,,,,,,,,,,,,,,,,,,,,,
,420,,,,,,,,,,,,,,,,,,,,,,,,
,421,,,,,,,,,,,,,,,,,,,,,,,,
,422,,,,,,,,,,,,,,,,,,,,,,,,
,423,,,,,,,,,,,,,,,,,,,,,,,,
,424,,,,,,,,,,,,,,,,,,,,,,,,
,425,,,,,,,,,,,,,,,,,,,,,,,,
,426,,,,,,,,,,,,,,,,,,,,,,,,
,427,,,,,,,,,,,,,,,,,,,,,,,,
,428,,,,,,,,,,,,,,,,,,,,,,,,
,429,,,,,,,,,,,,,,,,,,,,,,,,
,430,,,,,,,,,,,,,,,,,,,,,,,,
,431,,,,,,,,,,,,,,,,,,,,,,,,
,432,,,,,,,,,,,,,,,,,,,,,,,,
,433,,,,,,,,,,,,,,,,,,,,,,,,
,434,,,,,,,,,,,,,,,,,,,,,,,,
,435,,,,,,,,,,,,,,,,,,,,,,,,
,436,,,,,,,,,,,,,,,,,,,,,,,,
,437,,,,,,,,,,,,,,,,,,,,,,,,
,438,,,,,,,,,,,,,,,,,,,,,,,,
,439,,,,,,,,,,,,,,,,,,,,,,,,
,440,,,,,,,,,,,,,,,,,,,,,,,,
,441,,,,,,,,,,,,,,,,,,,,,,,,
,442,,,,,,,,,,,,,,,,,,,,,,,,
,443,,,,,,,,,,,,,,,,,,,,,,,,
,444,,,,,,,,,,,,,,,,,,,,,,,,
,445,,,,,,,,,,,,,,,,,,,,,,,,
,446,,,,,,,,,,,,,,,,,,,,,,,,
,447,,,,,,,,,,,,,,,,,,,,,,,,
,448,,,,,,,,,,,,,,,,,,,,,,,,
,449,,,,,,,,,,,,,,,,,,,,,,,,
,450,,,,,,,,,,,,,,,,,,,,,,,,
,451,,,,,,,,,,,,,,,,,,,,,,,,
,452,,,,,,,,,,,,,,,,,,,,,,,,
,453,,,,,,,,,,,,,,,,,,,,,,,,
,454,,,,,,,,,,,,,,,,,,,,,,,,
,455,,,,,,,,,,,,,,,,,,,,,,,,
,456,,,,,,,,,,,,,,,,,,,,,,,,
,457,,,,,,,,,,,,,,,,,,,,,,,,
,458,,,,,,,,,,,,,,,,,,,,,,,,
,459,,,,,,,,,,,,,,,,,,,,,,,,
,460,,,,,,,,,,,,,,,,,,,,,,,,
,461,,,,,,,,,,,,,,,,,,,,,,,,
,462,,,,,,,,,,,,,,,,,,,,,,,,
,463,,,,,,,,,,,,,,,,,,,,,,,,
,464,,,,,,,,,,,,,,,,,,,,,,,,
,465,,,,,,,,,,,,,,,,,,,,,,,,
,466,,,,,,,,,,,,,,,,,,,,,,,,
,467,,,,,,,,,,,,,,,,,,,,,,,,
,468,,,,,,,,,,,,,,,,,,,,,,,,
,469,,,,,,,,,,,,,,,,,,,,,,,,
,470,,,,,,,,,,,,,,,,,,,,,,,,
,471,,,,,,,,,,,,,,,,,,,,,,,,
,472,,,,,,,,,,,,,,,,,,,,,,,,
,473,,,,,,,,,,,,,,,,,,,,,,,,
,474,,,,,,,,,,,,,,,,,,,,,,,,
,475,,,,,,,,,,,,,,,,,,,,,,,,
,476,,,,,,,,,,,,,,,,,,,,,,,,
,477,,,,,,,,,,,,,,,,,,,,,,,,
,478,,,,,,,,,,,,,,,,,,,,,,,,
,479,,,,,,,,,,,,,,,,,,,,,,,,
,480,,,,,,,,,,,,,,,,,,,,,,,,
,483,,,,,,,,,,,,,,,,,,,,,,,,
,484,,,,,,,,,,,,,,,,,,,,,,,,
,485,,,,,,,,,,,,,,,,,,,,,,,,
,486,,,,,,,,,,,,,,,,,,,,,,,,
,487,,,,,,,,,,,,,,,,,,,,,,,,
,488,,,,,,,,,,,,,,,,,,,,,,,,
,489,,,,,,,,,,,,,,,,,,,,,,,,
,490,,,,,,,,,,,,,,,,,,,,,,,,
,491,,,,,,,,,,,,,,,,,,,,,,,,
,492,,,,,,,,,,,,,,,,,,,,,,,,
,493,,,,,,,,,,,,,,,,,,,,,,,,
,494,,,,,,,,,,,,,,,,,,,,,,,,
,495,,,,,,,,,,,,,,,,,,,,,,,,
,496,,,,,,,,,,,,,,,,,,,,,,,,
,497,,,,,,,,,,,,,,,,,,,,,,,,
,498,,,,,,,,,,,,,,,,,,,,,,,,
,499,,,,,,,,,,,,,,,,,,,,,,,,
,500,,,,,,,,,,,,,,,,,,,,,,,,
,501,,,,,,,,,,,,,,,,,,,,,,,,
,502,,,,,,,,,,,,,,,,,,,,,,,,
,503,,,,,,,,,,,,,,,,,,,,,,,,
,504,,,,,,,,,,,,,,,,,,,,,,,,
,505,,,,,,,,,,,,,,,,,,,,,,,,
,506,,,,,,,,,,,,,,,,,,,,,,,,
,507,,,,,,,,,,,,,,,,,,,,,,,,
,508,,,,,,,,,,,,,,,,,,,,,,,,
,509,,,,,,,,,,,,,,,,,,,,,,,,
,510,,,,,,,,,,,,,,,,,,,,,,,,
,511,,,,,,,,,,,,,,,,,,,,,,,,
,512,,,,,,,,,,,,,,,,,,,,,,,,
,513,,,,,,,,,,,,,,,,,,,,,,,,
,514,,,,,,,,,,,,,,,,,,,,,,,,
,515,,,,,,,,,,,,,,,,,,,,,,,,
,516,,,,,,,,,,,,,,,,,,,,,,,,
,517,,,,,,,,,,,,,,,,,,,,,,,,
,518,,,,,,,,,,,,,,,,,,,,,,,,
,519,,,,,,,,,,,,,,,,,,,,,,,,
,520,,,,,,,,,,,,,,,,,,,,,,,,
,521,,,,,,,,,,,,,,,,,,,,,,,,
,522,,,,,,,,,,,,,,,,,,,,,,,,
,523,,,,,,,,,,,,,,,,,,,,,,,,
,524,,,,,,,,,,,,,,,,,,,,,,,,
,525,,,,,,,,,,,,,,,,,,,,,,,,
,526,,,,,,,,,,,,,,,,,,,,,,,,
,527,,,,,,,,,,,,,,,,,,,,,,,,
,528,,,,,,,,,,,,,,,,,,,,,,,,
,529,,,,,,,,,,,,,,,,,,,,,,,,
,530,,,,,,,,,,,,,,,,,,,,,,,,
,531,,,,,,,,,,,,,,,,,,,,,,,,
,532,,,,,,,,,,,,,,,,,,,,,,,,
,533,,,,,,,,,,,,,,,,,,,,,,,,
,534,,,,,,,,,,,,,,,,,,,,,,,,
,535,,,,,,,,,,,,,,,,,,,,,,,,
,536,,,,,,,,,,,,,,,,,,,,,,,,
,537,,,,,,,,,,,,,,,,,,,,,,,,
,538,,,,,,,,,,,,,,,,,,,,,,,,
,539,,,,,,,,,,,,,,,,,,,,,,,,
,540,,,,,,,,,,,,,,,,,,,,,,,,
,541,,,,,,,,,,,,,,,,,,,,,,,,
,542,,,,,,,,,,,,,,,,,,,,,,,,
,543,,,,,,,,,,,,,,,,,,,,,,,,
,544,,,,,,,,,,,,,,,,,,,,,,,,
,545,,,,,,,,,,,,,,,,,,,,,,,,
,546,,,,,,,,,,,,,,,,,,,,,,,,
,547,,,,,,,,,,,,,,,,,,,,,,,,
,548,,,,,,,,,,,,,,,,,,,,,,,,
,549,,,,,,,,,,,,,,,,,,,,,,,,
,550,,,,,,,,,,,,,,,,,,,,,,,,
,551,,,,,,,,,,,,,,,,,,,,,,,,
,552,,,,,,,,,,,,,,,,,,,,,,,,
,553,,,,,,,,,,,,,,,,,,,,,,,,
,554,,,,,,,,,,,,,,,,,,,,,,,,
,555,,,,,,,,,,,,,,,,,,,,,,,,
,556,,,,,,,,,,,,,,,,,,,,,,,,
,557,,,,,,,,,,,,,,,,,,,,,,,,
,558,,,,,,,,,,,,,,,,,,,,,,,,
,559,,,,,,,,,,,,,,,,,,,,,,,,
,560,,,,,,,,,,,,,,,,,,,,,,,,
,561,,,,,,,,,,,,,,,,,,,,,,,,
,562,,,,,,,,,,,,,,,,,,,,,,,,
,563,,,,,,,,,,,,,,,,,,,,,,,,
,564,,,,,,,,,,,,,,,,,,,,,,,,
,565,,,,,,,,,,,,,,,,,,,,,,,,
,566,,,,,,,,,,,,,,,,,,,,,,,,
,567,,,,,,,,,,,,,,,,,,,,,,,,
,568,,,,,,,,,,,,,,,,,,,,,,,,
,569,,,,,,,,,,,,,,,,,,,,,,,,
,570,,,,,,,,,,,,,,,,,,,,,,,,
,571,,,,,,,,,,,,,,,,,,,,,,,,
,572,,,,,,,,,,,,,,,,,,,,,,,,
,573,,,,,,,,,,,,,,,,,,,,,,,,
,574,,,,,,,,,,,,,,,,,,,,,,,,
,575,,,,,,,,,,,,,,,,,,,,,,,,
,576,,,,,,,,,,,,,,,,,,,,,,,,
,577,,,,,,,,,,,,,,,,,,,,,,,,
,578,,,,,,,,,,,,,,,,,,,,,,,,
,579,,,,,,,,,,,,,,,,,,,,,,,,
,580,,,,,,,,,,,,,,,,,,,,,,,,
,581,,,,,,,,,,,,,,,,,,,,,,,,
,582,,,,,,,,,,,,,,,,,,,,,,,,
,583,,,,,,,,,,,,,,,,,,,,,,,,
,584,,,,,,,,,,,,,,,,,,,,,,,,
,585,,,,,,,,,,,,,,,,,,,,,,,,
,586,,,,,,,,,,,,,,,,,,,,,,,,
,587,,,,,,,,,,,,,,,,,,,,,,,,
,588,,,,,,,,,,,,,,,,,,,,,,,,
,589,,,,,,,,,,,,,,,,,,,,,,,,
,590,,,,,,,,,,,,,,,,,,,,,,,,
,591,,,,,,,,,,,,,,,,,,,,,,,,
,592,,,,,,,,,,,,,,,,,,,,,,,,
,593,,,,,,,,,,,,,,,,,,,,,,,,
,594,,,,,,,,,,,,,,,,,,,,,,,,
,595,,,,,,,,,,,,,,,,,,,,,,,,
,596,,,,,,,,,,,,,,,,,,,,,,,,
,597,,,,,,,,,,,,,,,,,,,,,,,,
,598,,,,,,,,,,,,,,,,,,,,,,,,
,599,,,,,,,,,,,,,,,,,,,,,,,,
,600,,,,,,,,,,,,,,,,,,,,,,,,
,601,,,,,,,,,,,,,,,,,,,,,,,,
,602,,,,,,,,,,,,,,,,,,,,,,,,
,603,,,,,,,,,,,,,,,,,,,,,,,,
,604,,,,,,,,,,,,,,,,,,,,,,,,
,605,,,,,,,,,,,,,,,,,,,,,,,,
,606,,,,,,,,,,,,,,,,,,,,,,,,
,607,,,,,,,,,,,,,,,,,,,,,,,,
,608,,,,,,,,,,,,,,,,,,,,,,,,
,609,,,,,,,,,,,,,,,,,,,,,,,,
,610,,,,,,,,,,,,,,,,,,,,,,,,
,611,,,,,,,,,,,,,,,,,,,,,,,,
,612,,,,,,,,,,,,,,,,,,,,,,,,
,613,,,,,,,,,,,,,,,,,,,,,,,,
,614,,,,,,,,,,,,,,,,,,,,,,,,
,615,,,,,,,,,,,,,,,,,,,,,,,,
,616,,,,,,,,,,,,,,,,,,,,,,,,
,617,,,,,,,,,,,,,,,,,,,,,,,,
,618,,,,,,,,,,,,,,,,,,,,,,,,
,619,,,,,,,,,,,,,,,,,,,,,,,,
,620,,,,,,,,,,,,,,,,,,,,,,,,
,621,,,,,,,,,,,,,,,,,,,,,,,,
,622,,,,,,,,,,,,,,,,,,,,,,,,
,623,,,,,,,,,,,,,,,,,,,,,,,,
,624,,,,,,,,,,,,,,,,,,,,,,,,
,625,,,,,,,,,,,,,,,,,,,,,,,,
,626,,,,,,,,,,,,,,,,,,,,,,,,
,627,,,,,,,,,,,,,,,,,,,,,,,,
,628,,,,,,,,,,,,,,,,,,,,,,,,
,629,,,,,,,,,,,,,,,,,,,,,,,,
,630,,,,,,,,,,,,,,,,,,,,,,,,
,631,,,,,,,,,,,,,,,,,,,,,,,,
,632,,,,,,,,,,,,,,,,,,,,,,,,
,633,,,,,,,,,,,,,,,,,,,,,,,,
,634,,,,,,,,,,,,,,,,,,,,,,,,
,635,,,,,,,,,,,,,,,,,,,,,,,,
,636,,,,,,,,,,,,,,,,,,,,,,,,
,637,,,,,,,,,,,,,,,,,,,,,,,,
,638,,,,,,,,,,,,,,,,,,,,,,,,
,639,,,,,,,,,,,,,,,,,,,,,,,,
,640,,,,,,,,,,,,,,,,,,,,,,,,
,641,,,,,,,,,,,,,,,,,,,,,,,,
,642,,,,,,,,,,,,,,,,,,,,,,,,
,643,,,,,,,,,,,,,,,,,,,,,,,,
,644,,,,,,,,,,,,,,,,,,,,,,,,
,645,,,,,,,,,,,,,,,,,,,,,,,,
,646,,,,,,,,,,,,,,,,,,,,,,,,
,647,,,,,,,,,,,,,,,,,,,,,,,,
,648,,,,,,,,,,,,,,,,,,,,,,,,
,649,,,,,,,,,,,,,,,,,,,,,,,,
,650,,,,,,,,,,,,,,,,,,,,,,,,
,651,,,,,,,,,,,,,,,,,,,,,,,,
,652,,,,,,,,,,,,,,,,,,,,,,,,
,653,,,,,,,,,,,,,,,,,,,,,,,,
,654,,,,,,,,,,,,,,,,,,,,,,,,
,655,,,,,,,,,,,,,,,,,,,,,,,,
,656,,,,,,,,,,,,,,,,,,,,,,,,
,657,,,,,,,,,,,,,,,,,,,,,,,,
,658,,,,,,,,,,,,,,,,,,,,,,,,
,659,,,,,,,,,,,,,,,,,,,,,,,,
,660,,,,,,,,,,,,,,,,,,,,,,,,
,661,,,,,,,,,,,,,,,,,,,,,,,,
,662,,,,,,,,,,,,,,,,,,,,,,,,
,663,,,,,,,,,,,,,,,,,,,,,,,,
,664,,,,,,,,,,,,,,,,,,,,,,,,
,665,,,,,,,,,,,,,,,,,,,,,,,,
,666,,,,,,,,,,,,,,,,,,,,,,,,
,667,,,,,,,,,,,,,,,,,,,,,,,,
,668,,,,,,,,,,,,,,,,,,,,,,,,
,669,,,,,,,,,,,,,,,,,,,,,,,,
,670,,,,,,,,,,,,,,,,,,,,,,,,
,671,,,,,,,,,,,,,,,,,,,,,,,,
,672,,,,,,,,,,,,,,,,,,,,,,,,
,673,,,,,,,,,,,,,,,,,,,,,,,,
,674,,,,,,,,,,,,,,,,,,,,,,,,
,675,,,,,,,,,,,,,,,,,,,,,,,,
,676,,,,,,,,,,,,,,,,,,,,,,,,
,677,,,,,,,,,,,,,,,,,,,,,,,,
,678,,,,,,,,,,,,,,,,,,,,,,,,
,679,,,,,,,,,,,,,,,,,,,,,,,,
,680,,,,,,,,,,,,,,,,,,,,,,,,
,681,,,,,,,,,,,,,,,,,,,,,,,,
,682,,,,,,,,,,,,,,,,,,,,,,,,
,683,,,,,,,,,,,,,,,,,,,,,,,,
,684,,,,,,,,,,,,,,,,,,,,,,,,
,685,,,,,,,,,,,,,,,,,,,,,,,,
,686,,,,,,,,,,,,,,,,,,,,,,,,
,687,,,,,,,,,,,,,,,,,,,,,,,,
,688,,,,,,,,,,,,,,,,,,,,,,,,
,689,,,,,,,,,,,,,,,,,,,,,,,,
,690,,,,,,,,,,,,,,,,,,,,,,,,
,691,,,,,,,,,,,,,,,,,,,,,,,,
,692,,,,,,,,,,,,,,,,,,,,,,,,
,693,,,,,,,,,,,,,,,,,,,,,,,,
,694,,,,,,,,,,,,,,,,,,,,,,,,
,695,,,,,,,,,,,,,,,,,,,,,,,,
,696,,,,,,,,,,,,,,,,,,,,,,,,
,697,,,,,,,,,,,,,,,,,,,,,,,,
,698,,,,,,,,,,,,,,,,,,,,,,,,
,699,,,,,,,,,,,,,,,,,,,,,,,,
,700,,,,,,,,,,,,,,,,,,,,,,,,
,701,,,,,,,,,,,,,,,,,,,,,,,,
,702,,,,,,,,,,,,,,,,,,,,,,,,
,703,,,,,,,,,,,,,,,,,,,,,,,,
,704,,,,,,,,,,,,,,,,,,,,,,,,
,705,,,,,,,,,,,,,,,,,,,,,,,,
,706,,,,,,,,,,,,,,,,,,,,,,,,
,707,,,,,,,,,,,,,,,,,,,,,,,,
,708,,,,,,,,,,,,,,,,,,,,,,,,
,709,,,,,,,,,,,,,,,,,,,,,,,,
,710,,,,,,,,,,,,,,,,,,,,,,,,
,711,,,,,,,,,,,,,,,,,,,,,,,,
,712,,,,,,,,,,,,,,,,,,,,,,,,
,713,,,,,,,,,,,,,,,,,,,,,,,,
,714,,,,,,,,,,,,,,,,,,,,,,,,
,715,,,,,,,,,,,,,,,,,,,,,,,,
,716,,,,,,,,,,,,,,,,,,,,,,,,
,717,,,,,,,,,,,,,,,,,,,,,,,,
,718,,,,,,,,,,,,,,,,,,,,,,,,
,719,,,,,,,,,,,,,,,,,,,,,,,,
,720,,,,,,,,,,,,,,,,,,,,,,,,
,721,,,,,,,,,,,,,,,,,,,,,,,,
,722,,,,,,,,,,,,,,,,,,,,,,,,
,723,,,,,,,,,,,,,,,,,,,,,,,,
,724,,,,,,,,,,,,,,,,,,,,,,,,
,725,,,,,,,,,,,,,,,,,,,,,,,,
,726,,,,,,,,,,,,,,,,,,,,,,,,
,727,,,,,,,,,,,,,,,,,,,,,,,,
,728,,,,,,,,,,,,,,,,,,,,,,,,
,729,,,,,,,,,,,,,,,,,,,,,,,,
,730,,,,,,,,,,,,,,,,,,,,,,,,
,731,,,,,,,,,,,,,,,,,,,,,,,,
,732,,,,,,,,,,,,,,,,,,,,,,,,
,733,,,,,,,,,,,,,,,,,,,,,,,,
,734,,,,,,,,,,,,,,,,,,,,,,,,
,735,,,,,,,,,,,,,,,,,,,,,,,,
,736,,,,,,,,,,,,,,,,,,,,,,,,
,737,,,,,,,,,,,,,,,,,,,,,,,,
,738,,,,,,,,,,,,,,,,,,,,,,,,
,739,,,,,,,,,,,,,,,,,,,,,,,,
,740,,,,,,,,,,,,,,,,,,,,,,,,
,741,,,,,,,,,,,,,,,,,,,,,,,,
,742,,,,,,,,,,,,,,,,,,,,,,,,
,743,,,,,,,,,,,,,,,,,,,,,,,,
,744,,,,,,,,,,,,,,,,,,,,,,,,
,745,,,,,,,,,,,,,,,,,,,,,,,,
,746,,,,,,,,,,,,,,,,,,,,,,,,
,747,,,,,,,,,,,,,,,,,,,,,,,,
,748,,,,,,,,,,,,,,,,,,,,,,,,
,749,,,,,,,,,,,,,,,,,,,,,,,,
,750,,,,,,,,,,,,,,,,,,,,,,,,
,751,,,,,,,,,,,,,,,,,,,,,,,,
,752,,,,,,,,,,,,,,,,,,,,,,,,
,753,,,,,,,,,,,,,,,,,,,,,,,,
,754,,,,,,,,,,,,,,,,,,,,,,,,
,755,,,,,,,,,,,,,,,,,,,,,,,,
,756,,,,,,,,,,,,,,,,,,,,,,,,
,757,,,,,,,,,,,,,,,,,,,,,,,,
,758,,,,,,,,,,,,,,,,,,,,,,,,
,759,,,,,,,,,,,,,,,,,,,,,,,,
,760,,,,,,,,,,,,,,,,,,,,,,,,
,761,,,,,,,,,,,,,,,,,,,,,,,,
,762,,,,,,,,,,,,,,,,,,,,,,,,
,763,,,,,,,,,,,,,,,,,,,,,,,,
,764,,,,,,,,,,,,,,,,,,,,,,,,
,765,,,,,,,,,,,,,,,,,,,,,,,,
,766,,,,,,,,,,,,,,,,,,,,,,,,
,767,,,,,,,,,,,,,,,,,,,,,,,,
,768,,,,,,,,,,,,,,,,,,,,,,,,
,769,,,,,,,,,,,,,,,,,,,,,,,,
,770,,,,,,,,,,,,,,,,,,,,,,,,
,771,,,,,,,,,,,,,,,,,,,,,,,,
,772,,,,,,,,,,,,,,,,,,,,,,,,
,773,,,,,,,,,,,,,,,,,,,,,,,,
,774,,,,,,,,,,,,,,,,,,,,,,,,
,775,,,,,,,,,,,,,,,,,,,,,,,,
,776,,,,,,,,,,,,,,,,,,,,,,,,
,777,,,,,,,,,,,,,,,,,,,,,,,,
,778,,,,,,,,,,,,,,,,,,,,,,,,
,779,,,,,,,,,,,,,,,,,,,,,,,,
,780,,,,,,,,,,,,,,,,,,,,,,,,
,781,,,,,,,,,,,,,,,,,,,,,,,,
,782,,,,,,,,,,,,,,,,,,,,,,,,
,783,,,,,,,,,,,,,,,,,,,,,,,,
,784,,,,,,,,,,,,,,,,,,,,,,,,
,785,,,,,,,,,,,,,,,,,,,,,,,,
,786,,,,,,,,,,,,,,,,,,,,,,,,
,787,,,,,,,,,,,,,,,,,,,,,,,,
,788,,,,,,,,,,,,,,,,,,,,,,,,
,789,,,,,,,,,,,,,,,,,,,,,,,,
,790,,,,,,,,,,,,,,,,,,,,,,,,
,791,,,,,,,,,,,,,,,,,,,,,,,,
,792,,,,,,,,,,,,,,,,,,,,,,,,
,793,,,,,,,,,,,,,,,,,,,,,,,,
,794,,,,,,,,,,,,,,,,,,,,,,,,
,795,,,,,,,,,,,,,,,,,,,,,,,,
,796,,,,,,,,,,,,,,,,,,,,,,,,
,797,,,,,,,,,,,,,,,,,,,,,,,,
,798,,,,,,,,,,,,,,,,,,,,,,,,
,799,,,,,,,,,,,,,,,,,,,,,,,,
,800,,,,,,,,,,,,,,,,,,,,,,,,
,801,,,,,,,,,,,,,,,,,,,,,,,,
,802,,,,,,,,,,,,,,,,,,,,,,,,
,803,,,,,,,,,,,,,,,,,,,,,,,,
,804,,,,,,,,,,,,,,,,,,,,,,,,
,805,,,,,,,,,,,,,,,,,,,,,,,,
,806,,,,,,,,,,,,,,,,,,,,,,,,
,807,,,,,,,,,,,,,,,,,,,,,,,,
,808,,,,,,,,,,,,,,,,,,,,,,,,
,809,,,,,,,,,,,,,,,,,,,,,,,,
,810,,,,,,,,,,,,,,,,,,,,,,,,
,811,,,,,,,,,,,,,,,,,,,,,,,,
,812,,,,,,,,,,,,,,,,,,,,,,,,
,813,,,,,,,,,,,,,,,,,,,,,,,,
,814,,,,,,,,,,,,,,,,,,,,,,,,
,815,,,,,,,,,,,,,,,,,,,,,,,,
,816,,,,,,,,,,,,,,,,,,,,,,,,
,817,,,,,,,,,,,,,,,,,,,,,,,,
,818,,,,,,,,,,,,,,,,,,,,,,,,
,819,,,,,,,,,,,,,,,,,,,,,,,,
,820,,,,,,,,,,,,,,,,,,,,,,,,
,821,,,,,,,,,,,,,,,,,,,,,,,,
,822,,,,,,,,,,,,,,,,,,,,,,,,
,823,,,,,,,,,,,,,,,,,,,,,,,,
,824,,,,,,,,,,,,,,,,,,,,,,,,
,825,,,,,,,,,,,,,,,,,,,,,,,,
,826,,,,,,,,,,,,,,,,,,,,,,,,
,827,,,,,,,,,,,,,,,,,,,,,,,,
,828,,,,,,,,,,,,,,,,,,,,,,,,
,829,,,,,,,,,,,,,,,,,,,,,,,,
,830,,,,,,,,,,,,,,,,,,,,,,,,
,831,,,,,,,,,,,,,,,,,,,,,,,,
,832,,,,,,,,,,,,,,,,,,,,,,,,
,833,,,,,,,,,,,,,,,,,,,,,,,,
,834,,,,,,,,,,,,,,,,,,,,,,,,
,835,,,,,,,,,,,,,,,,,,,,,,,,
,836,,,,,,,,,,,,,,,,,,,,,,,,
,837,,,,,,,,,,,,,,,,,,,,,,,,
,838,,,,,,,,,,,,,,,,,,,,,,,,
,839,,,,,,,,,,,,,,,,,,,,,,,,
,840,,,,,,,,,,,,,,,,,,,,,,,,
,841,,,,,,,,,,,,,,,,,,,,,,,,
,842,,,,,,,,,,,,,,,,,,,,,,,,
,843,,,,,,,,,,,,,,,,,,,,,,,,
,844,,,,,,,,,,,,,,,,,,,,,,,,
,845,,,,,,,,,,,,,,,,,,,,,,,,
,846,,,,,,,,,,,,,,,,,,,,,,,,
,847,,,,,,,,,,,,,,,,,,,,,,,,
,848,,,,,,,,,,,,,,,,,,,,,,,,
,849,,,,,,,,,,,,,,,,,,,,,,,,
,850,,,,,,,,,,,,,,,,,,,,,,,,
,851,,,,,,,,,,,,,,,,,,,,,,,,
,852,,,,,,,,,,,,,,,,,,,,,,,,
,853,,,,,,,,,,,,,,,,,,,,,,,,
,854,,,,,,,,,,,,,,,,,,,,,,,,
,855,,,,,,,,,,,,,,,,,,,,,,,,
,856,,,,,,,,,,,,,,,,,,,,,,,,
,857,,,,,,,,,,,,,,,,,,,,,,,,
,858,,,,,,,,,,,,,,,,,,,,,,,,
,859,,,,,,,,,,,,,,,,,,,,,,,,
,860,,,,,,,,,,,,,,,,,,,,,,,,
,861,,,,,,,,,,,,,,,,,,,,,,,,
,862,,,,,,,,,,,,,,,,,,,,,,,,
,863,,,,,,,,,,,,,,,,,,,,,,,,
,864,,,,,,,,,,,,,,,,,,,,,,,,
,865,,,,,,,,,,,,,,,,,,,,,,,,
,866,,,,,,,,,,,,,,,,,,,,,,,,
,867,,,,,,,,,,,,,,,,,,,,,,,,
,868,,,,,,,,,,,,,,,,,,,,,,,,
,869,,,,,,,,,,,,,,,,,,,,,,,,
,870,,,,,,,,,,,,,,,,,,,,,,,,
,871,,,,,,,,,,,,,,,,,,,,,,,,
,872,,,,,,,,,,,,,,,,,,,,,,,,
,873,,,,,,,,,,,,,,,,,,,,,,,,
,874,,,,,,,,,,,,,,,,,,,,,,,,
,875,,,,,,,,,,,,,,,,,,,,,,,,
,876,,,,,,,,,,,,,,,,,,,,,,,,
,877,,,,,,,,,,,,,,,,,,,,,,,,
,878,,,,,,,,,,,,,,,,,,,,,,,,
,879,,,,,,,,,,,,,,,,,,,,,,,,
,880,,,,,,,,,,,,,,,,,,,,,,,,
,881,,,,,,,,,,,,,,,,,,,,,,,,
,882,,,,,,,,,,,,,,,,,,,,,,,,
,883,,,,,,,,,,,,,,,,,,,,,,,,
,884,,,,,,,,,,,,,,,,,,,,,,,,
,885,,,,,,,,,,,,,,,,,,,,,,,,
,886,,,,,,,,,,,,,,,,,,,,,,,,
,887,,,,,,,,,,,,,,,,,,,,,,,,
,888,,,,,,,,,,,,,,,,,,,,,,,,
,889,,,,,,,,,,,,,,,,,,,,,,,,
,890,,,,,,,,,,,,,,,,,,,,,,,,
,891,,,,,,,,,,,,,,,,,,,,,,,,
,892,,,,,,,,,,,,,,,,,,,,,,,,
,893,,,,,,,,,,,,,,,,,,,,,,,,
,894,,,,,,,,,,,,,,,,,,,,,,,,
,895,,,,,,,,,,,,,,,,,,,,,,,,
,896,,,,,,,,,,,,,,,,,,,,,,,,
,897,,,,,,,,,,,,,,,,,,,,,,,,
,898,,,,,,,,,,,,,,,,,,,,,,,,
,899,,,,,,,,,,,,,,,,,,,,,,,,
,900,,,,,,,,,,,,,,,,,,,,,,,,
,901,,,,,,,,,,,,,,,,,,,,,,,,
,902,,,,,,,,,,,,,,,,,,,,,,,,
,903,,,,,,,,,,,,,,,,,,,,,,,,
,904,,,,,,,,,,,,,,,,,,,,,,,,
,905,,,,,,,,,,,,,,,,,,,,,,,,
,906,,,,,,,,,,,,,,,,,,,,,,,,
,907,,,,,,,,,,,,,,,,,,,,,,,,
,908,,,,,,,,,,,,,,,,,,,,,,,,
,909,,,,,,,,,,,,,,,,,,,,,,,,
,910,,,,,,,,,,,,,,,,,,,,,,,,
,911,,,,,,,,,,,,,,,,,,,,,,,,
,912,,,,,,,,,,,,,,,,,,,,,,,,
,913,,,,,,,,,,,,,,,,,,,,,,,,
,914,,,,,,,,,,,,,,,,,,,,,,,,
,915,,,,,,,,,,,,,,,,,,,,,,,,
,916,,,,,,,,,,,,,,,,,,,,,,,,
,917,,,,,,,,,,,,,,,,,,,,,,,,
,918,,,,,,,,,,,,,,,,,,,,,,,,
,919,,,,,,,,,,,,,,,,,,,,,,,,
,920,,,,,,,,,,,,,,,,,,,,,,,,
,921,,,,,,,,,,,,,,,,,,,,,,,,
,922,,,,,,,,,,,,,,,,,,,,,,,,
,923,,,,,,,,,,,,,,,,,,,,,,,,
,924,,,,,,,,,,,,,,,,,,,,,,,,
,925,,,,,,,,,,,,,,,,,,,,,,,,
,926,,,,,,,,,,,,,,,,,,,,,,,,
,927,,,,,,,,,,,,,,,,,,,,,,,,
,928,,,,,,,,,,,,,,,,,,,,,,,,
,929,,,,,,,,,,,,,,,,,,,,,,,,
,930,,,,,,,,,,,,,,,,,,,,,,,,
,931,,,,,,,,,,,,,,,,,,,,,,,,
,932,,,,,,,,,,,,,,,,,,,,,,,,
,933,,,,,,,,,,,,,,,,,,,,,,,,
,934,,,,,,,,,,,,,,,,,,,,,,,,
,935,,,,,,,,,,,,,,,,,,,,,,,,
,936,,,,,,,,,,,,,,,,,,,,,,,,
,937,,,,,,,,,,,,,,,,,,,,,,,,
,938,,,,,,,,,,,,,,,,,,,,,,,,
,939,,,,,,,,,,,,,,,,,,,,,,,,
,940,,,,,,,,,,,,,,,,,,,,,,,,
,941,,,,,,,,,,,,,,,,,,,,,,,,
,942,,,,,,,,,,,,,,,,,,,,,,,,
,943,,,,,,,,,,,,,,,,,,,,,,,,
,944,,,,,,,,,,,,,,,,,,,,,,,,
,945,,,,,,,,,,,,,,,,,,,,,,,,
,946,,,,,,,,,,,,,,,,,,,,,,,,
,947,,,,,,,,,,,,,,,,,,,,,,,,
,948,,,,,,,,,,,,,,,,,,,,,,,,
,949,,,,,,,,,,,,,,,,,,,,,,,,
,950,,,,,,,,,,,,,,,,,,,,,,,,
,951,,,,,,,,,,,,,,,,,,,,,,,,
,952,,,,,,,,,,,,,,,,,,,,,,,,
,953,,,,,,,,,,,,,,,,,,,,,,,,
,954,,,,,,,,,,,,,,,,,,,,,,,,
,955,,,,,,,,,,,,,,,,,,,,,,,,
,956,,,,,,,,,,,,,,,,,,,,,,,,
,957,,,,,,,,,,,,,,,,,,,,,,,,
,958,,,,,,,,,,,,,,,,,,,,,,,,
,959,,,,,,,,,,,,,,,,,,,,,,,,
,960,,,,,,,,,,,,,,,,,,,,,,,,
,961,,,,,,,,,,,,,,,,,,,,,,,,
,962,,,,,,,,,,,,,,,,,,,,,,,,
,963,,,,,,,,,,,,,,,,,,,,,,,,
,964,,,,,,,,,,,,,,,,,,,,,,,,
,965,,,,,,,,,,,,,,,,,,,,,,,,
,966,,,,,,,,,,,,,,,,,,,,,,,,
,967,,,,,,,,,,,,,,,,,,,,,,,,
,968,,,,,,,,,,,,,,,,,,,,,,,,
,969,,,,,,,,,,,,,,,,,,,,,,,,
,970,,,,,,,,,,,,,,,,,,,,,,,,
,971,,,,,,,,,,,,,,,,,,,,,,,,
,972,,,,,,,,,,,,,,,,,,,,,,,,
,973,,,,,,,,,,,,,,,,,,,,,,,,
,974,,,,,,,,,,,,,,,,,,,,,,,,
,975,,,,,,,,,,,,,,,,,,,,,,,,
,976,,,,,,,,,,,,,,,,,,,,,,,,
,977,,,,,,,,,,,,,,,,,,,,,,,,
,978,,,,,,,,,,,,,,,,,,,,,,,,
,979,,,,,,,,,,,,,,,,,,,,,,,,
,980,,,,,,,,,,,,,,,,,,,,,,,,
,981,,,,,,,,,,,,,,,,,,,,,,,,
,982,,,,,,,,,,,,,,,,,,,,,,,,
,983,,,,,,,,,,,,,,,,,,,,,,,,
,984,,,,,,,,,,,,,,,,,,,,,,,,
,985,,,,,,,,,,,,,,,,,,,,,,,,
,986,,,,,,,,,,,,,,,,,,,,,,,,
,987,,,,,,,,,,,,,,,,,,,,,,,,
,988,,,,,,,,,,,,,,,,,,,,,,,,
,989,,,,,,,,,,,,,,,,,,,,,,,,
,990,,,,,,,,,,,,,,,,,,,,,,,,
,991,,,,,,,,,,,,,,,,,,,,,,,,
,992,,,,,,,,,,,,,,,,,,,,,,,,
,993,,,,,,,,,,,,,,,,,,,,,,,,
,994,,,,,,,,,,,,,,,,,,,,,,,,
,995,,,,,,,,,,,,,,,,,,,,,,,,
,996,,,,,,,,,,,,,,,,,,,,,,,,
,997,,,,,,,,,,,,,,,,,,,,,,,,
,998,,,,,,,,,,,,,,,,,,,,,,,,
,999,,,,,,,,,,,,,,,,,,,,,,,,
,1000,,,,,,,,,,,,,,,,,,,,,,,,
